Title,Rating,WatchedDate,Review,Year,Nation,douban_link,imdbId
幼儿园,4,2021/9/6,,,,https://movie.douban.com/subject/1761172/,tt8924524
白日美人 / Belle de jour,5,2021/9/4,内心描写太棒了,1967/5/24,法国,https://movie.douban.com/subject/1301649/,tt0061395
少年·小赵 / 少年＊小趙,4,2021/8/29,略逊于铁路沿线，对人物的变化缺少深究。,2015/4/1,中国香港电影节,https://movie.douban.com/subject/26331957/,tt4079566
失控玩家 / Free Guy,4,2021/8/28,,2021/8/10,洛迦诺电影节,https://movie.douban.com/subject/30337388/,tt6264654
北京的星期天 / Dimanche à Pekin,5,2021/8/26,,,,https://movie.douban.com/subject/1466013/,tt0049144
铁路沿线,4,2021/8/25,流浪的人谁又想要流浪呢。火车开过来，停下讲述，等待火车过去的这一幕，太棒了。他们想要倾诉，却没有倾诉的对象。,,,https://movie.douban.com/subject/1421469/,tt2518416
影之花 / 그림자꽃,5,2021/8/19,"感动人心的地方有很多。
1.和家人用文字沟通时，对准手机的摄像头，越来越快的打字速度，不停颤抖的手机。
2.冬奥会冰球馆只想和来自祖国的同胞握一握手却被冰冷的人墙阻隔，一次次冲击也无济于事。
3.好不容易等到双方领导人会谈，一群人围在电视前见证这历史性的时刻，这一刻那不是政治，完全是一个人的真实生活。
4.被有幸抽中可以见亲人的老爷爷，最终却没有一个可以见的人。
5.一个想要回去，一个庆幸从北边逃脱，却成了最好的朋友。(1 有用)",,,https://movie.douban.com/subject/34845784/,tt13126844
火锅,2,2021/8/16,,2021/7/30,FIRST青年电影节,https://movie.douban.com/subject/35521749/,
烟火,3,2021/8/16,,2021/7/30,FIRST青年电影展,https://movie.douban.com/subject/35521759/,
寻找Noel,2,2021/8/16,,2021/7/30,FIRST青年影展,https://movie.douban.com/subject/35509741/,
如果可以,4,2021/8/16,,2021/7/30,FIRST青年电影展,https://movie.douban.com/subject/35521744/,
我是传奇 / I Am Legend,3,2021/8/3,三星半。,2007/12/14,美国,https://movie.douban.com/subject/1820156/,tt0480249
误杀,4,2021/7/7,故事很精彩，但比故事更精彩的是编剧的改编。把精妙的误杀案上升到讨论社会舆论，真相与谎言，暴力事件的程度，并且非常巧妙而自然。最后秦沛的镜头画龙点睛，曾经你深信的一个人，一个老实没有任何不好的人，当着面打了你的脸，那你到底还应该相信什么？,2019/12/7,大规模点映,https://movie.douban.com/subject/30176393/,tt11210032
南方车站的聚会,3,2021/7/6,胡歌桂纶镁让人出戏；华丽的美术，离奇的剧情掩盖的是徒有其表。,2019/5/18,戛纳电影节,https://movie.douban.com/subject/27668250/,tt9647768
无间道2 / 無間道II,4,2021/6/22,相较于第一部，确实逊色了不少。最大的问题在于，人物以及人物之间的关系过于复杂了，包括胡军和黄秋生，陈冠希和刘嘉玲，余文乐和吴镇宇。第一部简洁精妙的剧本太难得了。,2003/10/1,中国香港,https://movie.douban.com/subject/1307106/,tt0369060
长城 / The Great Wall,3,2021/6/21,,2016/12/16,中国大陆,https://movie.douban.com/subject/6982558/,tt2034800
杀死比尔 / Kill Bill: Vol. 1,3,2021/6/11,美国人喜欢的武侠；全世界喜欢的暴力美学；配乐倒是真不错。,2003/9/29,好莱坞首映,https://movie.douban.com/subject/1291580/,tt0266697
刺杀 / Assassins,4,2021/6/10,无辜的第三世界国家女性，就连被释放也是国家之间的博弈。(1 有用),2020/1/26,圣丹斯电影节,https://movie.douban.com/subject/34907416/,tt11394276
76天 / 76 Days,4,2021/6/6,闲不住的老大爷，上锁的医院大门，死者留下的身份证，以及新生的婴儿。,2020/9/14,多伦多电影节,https://movie.douban.com/subject/35162122/,tt12801326
喜丧,4,2021/6/2,非专业演员加上过于紧凑的事件点，在前半段会让人觉得电影有些刻意，但越往后就没有了这种感觉。如果电影时长加到150分钟，或许会更好。,2015/12/5,青年导演海上影展,https://movie.douban.com/subject/26671361/,tt7162392
菊豆,4,2021/5/29,懦弱的男人，无助的女人。,1990/4/21,日本,https://movie.douban.com/subject/1299365/,tt0099902
哆啦A梦：伴我同行2 / STAND BY ME ドラえもん2,3,2021/5/29,,2020/11/20,日本,https://movie.douban.com/subject/34913671/,tt13428402
何处是我朋友的家 / خانه دوست کج...,5,2021/5/28,老人与小孩走过小村庄的夜晚，一路上都是美丽的门窗。,1987/2/1,曙光旬电影节,https://movie.douban.com/subject/1301897/,tt0093342
樱桃的滋味 / طعم گیلاس,4,2021/5/26,,1997/5/16,戛纳电影节,https://movie.douban.com/subject/1296177/,tt0120265
花火 / HANA-BI,4,2021/5/24,,1997/9/3,威尼斯电影节,https://movie.douban.com/subject/1302642/,tt0119250
那年夏天，宁静的海 / あの夏、いちばん静かな海。,5,2021/5/23,,1991/10/19,日本,https://movie.douban.com/subject/1295815/,tt0103704
情书 / Love Letter,4,2021/5/22,,1995/3/25,日本,https://movie.douban.com/subject/1292220/,tt0113703
无罪谋杀：科林尼案 / Der Fall Collini,3,2021/5/16,,2019/4/18,德国,https://movie.douban.com/subject/30391289/,tt8739752
命运理发师 / Mandela,4,2021/5/15,,2021/4/4,印度,https://movie.douban.com/subject/35441896/,tt10687070
悬崖之上,4,2021/4/24,不知怎么，会让我想起无间道。余皑磊所饰角色和无间道里的杜汶泽神似。,2021/4/30,中国大陆,https://movie.douban.com/subject/32493124/,tt11448076
小伟,3,2021/3/28,,2019/7/23,FIRST青年影展,https://movie.douban.com/subject/26752564/,tt10488406
棉花,4,2021/3/25,,,,https://movie.douban.com/subject/4195650/,tt4920272
城市梦,5,2021/3/21,戏剧效果非常足。,2019/9/16,多伦多电影节,https://movie.douban.com/subject/34802165/,tt13080400
又见奈良,3,2021/3/20,不太行(1 有用),2020/7/31,上海电影节,https://movie.douban.com/subject/30437716/,tt11322786
变脸,4,2021/3/4,,1995/6/9,中国大陆,https://movie.douban.com/subject/1293237/,tt0115669
波斯语课 / Persischstunden,4,2021/2/28,浓浓的基情,2020/2/22,柏林电影节,https://movie.douban.com/subject/30466931/,tt9738784
吉祥如意,4,2021/2/28,让人想起《四个春天》，但少了点真实。,2020/7/26,上海电影节,https://movie.douban.com/subject/35068230/,tt12735306
你好，李焕英,3,2021/2/15,,2021/2/12,中国大陆,https://movie.douban.com/subject/34841067/,tt13364790
棒！少年,3,2020/12/14,,2020/7/28,FIRST青年影展,https://movie.douban.com/subject/34930862/,tt12630622
一秒钟,5,2020/12/11,为了被剪掉的片段打五星(2 有用),2020/11/27,中国大陆,https://movie.douban.com/subject/30257787/,tt8959680
除暴,3,2020/11/26,复原了90年代的街道风貌，故事确还是一个平庸的港式警匪故事，如果不去强调，根本不会觉得这是一个根据真实事件改编的故事。,2020/11/20,中国大陆,https://movie.douban.com/subject/30373723/,tt9877138
晚秋 / 만추,4,2020/11/22,安娜这部分情绪积蓄的还可以，勋这部分不太能感觉得到。,2010/9/10,多伦多电影节,https://movie.douban.com/subject/4136036/,tt1542482
鹿鼎记2：神龙教 / 鹿鼎記II 神龍教,3,2020/11/21,,1992/9/24,中国香港,https://movie.douban.com/subject/1306951/,tt0104771
鹿鼎记 / 鹿鼎記,3,2020/11/20,荤段子太多,1992/7/30,中国香港,https://movie.douban.com/subject/1297223/,tt0104770
一点就到家,2,2020/11/18,,2020/10/4,中国大陆,https://movie.douban.com/subject/35069506/,tt12740326
牯岭街少年杀人事件 / 牯嶺街少年殺人事件,4,2020/11/3,,1991/7/27,中国台湾,https://movie.douban.com/subject/1292329/,tt0101985
春江水暖,5,2020/10/31,长镜头如山水画一般展开。,2019/5/22,戛纳电影节,https://movie.douban.com/subject/30419744/,tt10219146
金银潭实拍80天,3,2020/10/30,,2020/9/16,中国大陆,https://movie.douban.com/subject/35206308/,tt13801136
白蛇：缘起,2,2020/10/26,,2019/1/11,中国大陆,https://movie.douban.com/subject/30331149/,tt9288776
极限职业 / 극한직업,3,2020/10/17,,2019/1/23,韩国,https://movie.douban.com/subject/27597250/,tt9541602
雨果 / Hugo,4,2020/9/26,好看的色调，童话般的配乐。致敬梅里埃，可能只有最真的影迷才能感受得到。我还差点。,2011/11/23,美国,https://movie.douban.com/subject/2028677/,tt0970179
彗星来的那一夜 / Coherence,3,2020/9/25,无趣,2013/9/19,奇幻电影节,https://movie.douban.com/subject/25807345/,tt2866360
旺扎的雨靴,3,2020/9/19,导演也不知道怎么圆上这个故事。,2018/2/21,柏林电影节,https://movie.douban.com/subject/28510273/,tt7961082
可可西里,4,2020/9/18,,2004/10/1,中国大陆,https://movie.douban.com/subject/1308857/,tt0386651
尼罗河上的惨案 / Death on the Nile,4,2020/9/17,,1978/9/29,美国,https://movie.douban.com/subject/1302100/,tt0077413
张艺谋和他的金陵十三钗,4,2020/9/17,,2011/12/14,中国大陆,https://movie.douban.com/subject/7065229/,
偷自行车的人 / Ladri di biciclette,5,2020/7/8,"混乱的时代可以摧毁人的尊严
最后爸爸和儿子牵手走进人群的镜头经典，被摧毁的不是他一个，还有其他数不清的人。",1948/11/24,意大利,https://movie.douban.com/subject/1295873/,tt0040522
推销员 / فروشنده,5,2020/7/6,"大师之作
如果是我，也可能会像这个丈夫一样去做，这是件值得思考的事情。",2016/5/21,戛纳电影节,https://movie.douban.com/subject/26679552/,tt5186714
猎谎者,4,2020/7/3,"1.很好的类型片，如果钱够了，会更好。
2.男主长得好像何炅+王自健。
3.导演非常棒，只是有些强行搞笑的地方确实没必要。
4.说真的，因为没钱所以造成许多地方很出戏，但最后的情感处理真的打动到我了。
5.男主的声音，过多的对白也让人出戏。(15 有用)",2020/6/30,中国大陆,https://movie.douban.com/subject/35027709/,tt12644232
无证之罪,4,2020/7/2,"1.郭宇有些地方解释不通。为什么要拿钱？反转也立不住。
2.骆闻这个角色太棒了
3.秦昊一个东北人，东北话说的有点别扭。
4.人物塑造没有隐秘的角落饱满。最成功的角色竟然是朱慧如。
5.摄影，风格都很不错。",2017/9/6,中国大陆,https://movie.douban.com/subject/26930540/,tt7368008
海鸥食堂 / かもめ食堂,4,2020/6/23,"离现实很远。
色调非常喜欢。
镜头过于平实，缺乏变化。",2006/3/11,日本,https://movie.douban.com/subject/1892578/,tt0483022
人生密密缝 / 彼らが本気で編むときは、,5,2020/6/21,"日本总是能拍出如此感情细腻的电影，这部作品更是如此。温暖的外表下隐藏的确实无法解决的矛盾。
几个完全变黑的专场很有趣，尤其最后出突然的黑幕，非常令人回味。",2017/2/10,柏林电影节,https://movie.douban.com/subject/26754513/,tt5633706
烈焰升腾：黑暗骑士三部曲诞生及影响 / The Fire Rises: The Creat...,,2020/6/20,,2013/9/24,美国,https://movie.douban.com/subject/25926760/,tt3138282
隐秘的角落,4,2020/6/19,"有些地方后期配了音，不知道改了些啥。细节非常得多。
看到第十集，改五星了。
最后一集扣分，拍的太随意了吧。",2020/6/16,中国大陆,https://movie.douban.com/subject/33404425/,tt12477942
推手,3,2020/6/17,最后怎么变成魔幻片了？？？,1991/12/7,金马影展,https://movie.douban.com/subject/1306939/,tt0105652
幻之光 / 幻の光,4,2020/6/12,这是一首诗。,1995/12/9,日本,https://movie.douban.com/subject/1306885/,tt0113725
海上传奇,4,2020/6/11,七分。宠妻狂魔贾樟柯。印象比较深的是死在1948年的青年，撤去台湾的船上的故事，来中国拍纪录片的安东尼奥尼，费穆的小城之春，女演员上官云珠。没有赵涛会更好。,2010/5/16,戛纳电影节,https://movie.douban.com/subject/3768185/,tt1646103
至暗时刻 / Darkest Hour,3,2020/6/10,工整的英国片。,2017/9/1,特柳赖德电影节,https://movie.douban.com/subject/26761416/,tt4555426
七武士 / 七人の侍,,2020/6/7,先放着吧。我的大脑可能缺乏共情的功能。,1954/4/26,日本,https://movie.douban.com/subject/1295399/,tt0047478
2001太空漫游 / 2001: A Space Odyssey,5,2020/6/6,特效会过时，但模型不会。星际穿越，地心引力，星球大战，这些电影里都可以找到2001太空漫游的影子，穿越用的那一段负片，胡金铨的侠女也有所借鉴。,1968/4/2,华盛顿首映,https://movie.douban.com/subject/1292226/,tt0062622
无主之作 / Werk ohne Autor,4,2020/6/5,电影可以打五星，但看过Gerhard Richter的故事以后觉得，电影的所想说的创作动机和原型人物开始他的“照片临摹”作品的创作动机并不一致，可以说是一种曲解。,2018/9/4,威尼斯电影节,https://movie.douban.com/subject/26701196/,tt5311542
喜宴 / 囍宴,5,2020/5/31,"“将近二十年了，我生活在一个大谎言里面，生活里面有好多感受。痛苦的，快乐的，我好想跟你们分享，可是我不能。有时候我忍不住想干脆跟你们坦白算了。可是又不忍心把自己扛了这么多年的担子再放到你们肩膀上。”
我们生活在一个分裂的时代里，五千年来的文明，新的文化的崛起，隔了二三十年就已经无法相互理解。我也不知道该用什么办法去消融。
女主无疑是所有角色里最棒的了，只是普通话配音有些奇怪。",,,https://movie.douban.com/subject/1303037/,tt0107156
她 / Her,3,2020/5/31,,2013/10/12,纽约电影节,https://movie.douban.com/subject/6722879/,tt1798709
饮食男女 / 飲食男女,4,2020/5/29,看了那么多遍开头的做菜，都没有看完过，今天终于看到了最后。没啥说的，老朱牛逼。饮食男女，每个字都拍了出来。,1994/8/3,美国,https://movie.douban.com/subject/1291818/,tt0111797
龙哥,4,2020/5/28,龙哥为了骗导演，用针管抽血含嘴里假装吞了刀片，演技爆炸！,,,https://movie.douban.com/subject/3724118/,tt1677711
差馆,4,2020/5/28,在基层干民警，更要掌握得好分寸。他们面对的都是社会最底层人士，文盲也不占少数，不是为了生存，谁会想和派出所打交道呢？即使程序摆在那，也难免产生恻隐之心。许多事情处理不好，甚至可能闹出更大的事情，所以得时时刻刻好言伺候。,,,https://movie.douban.com/subject/5343752/,
差馆Ⅱ,4,2020/5/28,,,,https://movie.douban.com/subject/11528245/,
降临 / Arrival,3,2020/5/27,女主全程娇喘。 最后一段可以模仿拍一下。,2016/9/1,威尼斯电影节,https://movie.douban.com/subject/21324900/,tt2543164
侠女 / 俠女,5,2020/5/21,颜色，构图，镜头移动，转场，无不超前于时代。这是一部让我感觉到电影之美的片子。,1970/7/10,中国台湾,https://movie.douban.com/subject/1306490/,tt0064451
普杰的冬天,4,2020/5/21,,2019/12/9,中国大陆,https://movie.douban.com/subject/34913360/,
字谜,3,2020/5/21,,2020/4/18,中国大陆,https://movie.douban.com/subject/35048803/,
大唐漠北的最后一次转账,4,2020/5/21,,2019/8/19,中国大陆,https://movie.douban.com/subject/34793614/,
真心半解 / The Half of It,3,2020/5/10,重力是物质对孤独的反映。 男主角长得很符合人设。,2020/5/1,美国,https://movie.douban.com/subject/33420285/,tt9683478
人在三和,4,2020/5/8,,2018/9/10,中国大陆,https://movie.douban.com/subject/30337189/,tt9060292
偷,4,2020/5/8,复杂的社会。“我对生活不好，生活也对我不好”。,2013/8/1,美国,https://movie.douban.com/subject/20427004/,
男人四十,4,2020/5/8,"1 你怎么泡妞啊？ 靠诚意泡妞啊。
2 世界变得温柔，我也变得重要。",2002/3/14,中国香港,https://movie.douban.com/subject/1304530/,tt0312886
少年的你,3,2020/5/7,冗长(3 有用),2019/10/25,中国大陆,https://movie.douban.com/subject/30166972/,tt9586294
再次出发之纽约遇见你 / Begin Again,4,2020/5/6,译名毁电影系列。,2013/9/7,多伦多电影节,https://movie.douban.com/subject/6874403/,tt1980929
摩登情爱 第一季 / Modern Love Season 1,4,2020/5/6,发生在纽约不同的人身上的爱情。第四个夫妻之间的矛盾挺有感触，第五个陌生人之间发生的离奇故事也很有感觉，可以拍成电影的故事。,2019/10/18,美国,https://movie.douban.com/subject/30385409/,tt8543390
疯狂的赛车,4,2020/5/3,疯狂的石头一样的叙事，差不多的风格。本地的帮会太没有礼貌了！,2009/1/20,中国大陆,https://movie.douban.com/subject/2124703/,tt0851515
姨妈的后现代生活,3,2020/4/18,赵薇说的不是鞍山话，是马鞍山话。,2006/9/8,多伦多电影节,https://movie.douban.com/subject/1794435/,tt0470984
半泽直树 / 半沢直樹,4,2020/4/15,7分,2013/7/7,日本,https://movie.douban.com/subject/24697949/,tt2930136
在武汉,5,2020/4/11,应该有不一样的声音，但这样的声音就不能存在吗?(2 有用),2020/2/26,中国大陆,https://movie.douban.com/subject/34976870/,tt11983256
武汉日记2020,5,2020/4/11,送药第二集看了让人泪崩。(2 有用),2020/1/25,中国大陆,https://movie.douban.com/subject/34973877/,
生死金银潭,5,2020/4/11,,2020/3/31,中国大陆,https://movie.douban.com/subject/35014846/,tt12071362
福尔摩斯二世 / Sherlock Jr.,5,2020/4/5,流畅,1924/4/21,美国,https://movie.douban.com/subject/1303408/,tt0015324
中央车站 / Central do Brasil,4,2020/4/5,小时候在一本杂志上看到过推荐这个电影，今天终于看过了。非常工整的一部电影。孩子在寻找爸爸，而大人在寻找青春的自己。,,,https://movie.douban.com/subject/1292218/,tt0140888
卧虎藏龙 / 臥虎藏龍,5,2020/4/4,"为一把梳子，值得吗？那是我的。
武侠，爱恨，天涯。",2000/5/16,戛纳电影节,https://movie.douban.com/subject/1301168/,tt0190332
色，戒,4,2020/4/3,特务真不是人干的。,2007/8/30,威尼斯电影节,https://movie.douban.com/subject/1828115/,tt0808357
第四公民 / Citizenfour,5,2020/3/31,"1. 斯诺登，以及两位记者，为他辩护的律师，参与其中的所有人都是英雄。
2. NSA监听计划已违反宪法，但政府依然可以以违反宪法的罪名来起诉你。 你没有辩护的机会，因为政府会设置模棱两可，含糊不清的法律条文让你没有辩护理由。
3. NSA所搜集到的数据，不仅可以用来监控私人，也可以用来针对企业，形成不正当竞争。
4. 他不怕被拘捕，他怕的是，他站出来以后，这个世界没有发生一点点的变化。
5. 很少人知道，这一切竟源自他在日本期间一场关于GFW以及相关技术的报告。",2014/10/10,纽约电影节,https://movie.douban.com/subject/26059437/,tt4044364
热带雨,4,2020/3/28,真，爸妈不在家。,2019/9/8,多伦多电影节,https://movie.douban.com/subject/30371819/,tt9822706
大赢家,3,2020/3/21,大鹏不会演傻子，得让王宝强来。,2020/3/20,中国大陆网络,https://movie.douban.com/subject/34670218/,tt11563836
团圆,4,2020/3/18,"1.在撤退到台湾的人眼里，那天码头上的人成千上万，天很冷，下着很大的雨；在胜利者的记忆里，那天出了大大的太阳。
2. 老太太带着从台湾回来的他，去还没有建好的房子参观，像极了好几年前，奶奶去刚买的还没建好的房子那里。
3. 男配角很出彩，人物性格的转变给人物增色不少。",2010/2/11,柏林电影节,https://movie.douban.com/subject/4284085/,tt1587878
青春派,4,2020/3/12,是我高考那年夏天上映的电影，确实不错，会让人回想起一些事情。最喜欢的应该还是坐高铁十八相送这一段吧。,2013/8/2,中国大陆,https://movie.douban.com/subject/24735062/,tt3285802
四个春天,5,2020/3/11,,2017/12/30,UCCA艺术放映,https://movie.douban.com/subject/27191492/,tt7124742
无间道 / 無間道,5,2020/3/10,剧本实在是妙,2002/12/12,中国香港,https://movie.douban.com/subject/1307914/,tt0338564
曾经 / Once,5,2020/3/9,吸尘器与爱情,2007/1/20,圣丹斯电影节,https://movie.douban.com/subject/2053515/,tt0907657
爸妈不在家 / 爸媽不在家,5,2020/3/5,一部难得的隐忍克制的电影，平铺直叙，只在最后给了点睛之笔，对社会大环境的描写，通过这些简单的事情一一表现出来。小孩最后剪下一缕臭臭的头发，耳机里放着保姆曾听过的歌，让人动容。,2013/5/19,戛纳电影节,https://movie.douban.com/subject/24324730/,tt2901736
阳光普照 / 陽光普照,4,2020/3/4,7.5吧。摄影非常棒，配乐非常棒。步履不停加血观音。,2019/9/6,多伦多电影节,https://movie.douban.com/subject/30292777/,tt10883506
过昭关,4,2020/2/12,,2018/10/17,平遥国际电影展,https://movie.douban.com/subject/30206431/,tt9496220
一一,5,2020/2/12,喜欢的片段：洋洋坐在马桶上，洋洋走过天桥，车窗外晃动的城市。,2000/5/14,戛纳电影节,https://movie.douban.com/subject/1292434/,tt0244316
1917,4,2020/2/7,,2019/12/25,美国,https://movie.douban.com/subject/30252495/,tt8579674
囧妈,3,2020/1/25,,2020/1/25,中国大陆网络,https://movie.douban.com/subject/30306570/,tt11172926
美丽人生 / La vita è bella,4,2020/1/7,棒。,1997/12/20,意大利,https://movie.douban.com/subject/1292063/,tt0118799
三峡好人,4,2020/1/7,,2006/9/6,威尼斯电影节,https://movie.douban.com/subject/1872133/,tt0859765
阿波罗11号 / Apollo 11,5,2020/1/3,真实的记录自有千钧之力。,2019/1/24,圣丹斯电影节,https://movie.douban.com/subject/30390701/,tt8760684
推拿,5,2020/1/2,非常喜欢娄烨的风格，手持摄影，摇晃的镜头，对人的特写，忽略背景的存在。,2014/2/10,柏林电影节,https://movie.douban.com/subject/20020577/,tt3469964
利刃出鞘 / Knives Out,4,2020/1/2,,2019/9/7,多伦多电影节,https://movie.douban.com/subject/30318116/,tt8946378
行骗天下JP：浪漫篇 / コンフィデンスマンJP,3,2019/12/31,为了反转而反转，没啥意思。,2019/5/17,日本,https://movie.douban.com/subject/30241102/,tt9552258
隐藏人物 / Hidden Figures,2,2019/12/30,一切都是那么平庸。作为一部政治正确片，又极度恶心。(1 有用),2016/12/25,美国,https://movie.douban.com/subject/26615208/,tt4846340
半个喜剧,4,2019/12/22,,2019/12/20,中国大陆,https://movie.douban.com/subject/30269016/,tt11273332
徒手攀岩 / Free Solo,4,2019/12/21,他女朋友有点烦。,2018/9/28,美国,https://movie.douban.com/subject/30167509/,tt7775622
平原上的夏洛克,5,2019/12/20,幽默感,2019/7/22,FIRST青年影展,https://movie.douban.com/subject/33400376/,tt10488396
爱尔兰人 / The Irishman,4,2019/12/6,,2019/9/27,纽约电影节,https://movie.douban.com/subject/6981153/,tt1302006
小丑 / Joker,5,2019/10/16,,2019/8/31,威尼斯电影节,https://movie.douban.com/subject/27119724/,tt7286456
哪吒之魔童降世,4,2019/10/13,,2019/7/13,大规模点映,https://movie.douban.com/subject/26794435/,tt10627720
九品芝麻官,4,2019/10/5,,1994/3/31,中国香港,https://movie.douban.com/subject/1297518/,tt0110201
少林足球,4,2019/10/5,,2001/7/5,中国大陆,https://movie.douban.com/subject/1297747/,tt0286112
食神,4,2019/10/5,,1996/12/21,中国香港,https://movie.douban.com/subject/1293351/,tt0116426
新喜剧之王,3,2019/10/5,,2019/2/5,中国大陆,https://movie.douban.com/subject/4840388/,tt9368628
审死官 / 審死官,4,2019/10/3,加一星给梅艳芳,1992/7/2,中国香港,https://movie.douban.com/subject/1305355/,tt0105385
唐伯虎点秋香 / 唐伯虎點秋香,5,2019/10/3,,1993/7/1,中国香港,https://movie.douban.com/subject/1306249/,tt0108289
李米的猜想,4,2019/9/27,,2008/9/19,中国大陆,https://movie.douban.com/subject/3230459/,tt1299370
卢旺达饭店 / Hotel Rwanda,4,2019/9/13,,2004/9/11,多伦多电影节,https://movie.douban.com/subject/1291822/,tt0395169
姚明年 / The Year of the Yao,4,2019/9/11,,2004/9/16,加拿大多伦多电影节,https://movie.douban.com/subject/1291849/,tt0360216
菊次郎的夏天 / 菊次郎の夏,4,2019/9/8,,1999/5/20,戛纳电影节,https://movie.douban.com/subject/1293359/,tt0199683
空中营救 / Non-Stop,3,2019/9/6,为啥不直接把炸弹扔出去...,2014/1/27,巴黎首映,https://movie.douban.com/subject/10598440/,tt2024469
旅行者号：冲出太阳系 / Voyager: To the Final Frontier,4,2019/9/2,,2012/10/24,英国,https://movie.douban.com/subject/23117105/,tt2525618
百花深处,5,2019/9/2,,2002/5/18,戛纳电影节,https://movie.douban.com/subject/30210248/,
美国工厂 / American Factory,4,2019/8/31,,2019/1/25,圣丹斯电影节,https://movie.douban.com/subject/30390700/,tt9351980
空气人偶 / 空気人形,4,2019/8/30,喜欢中间的那首诗。,2009/5/14,戛纳电影节,https://movie.douban.com/subject/3534824/,tt1371630
俺爹俺娘,4,2019/8/30,,,,https://movie.douban.com/subject/2266113/,
过春天,4,2019/8/25,前半部分比较好，青春的躁动，热烈有非常好的展现。后面感觉有些草率，以及警察空降这样很无奈的剧情，不知道原来的结局是什么。,2018/9/8,多伦多电影节,https://movie.douban.com/subject/27191431/,tt8875366
头文字D / 頭文字D,4,2019/8/24,十几年后重看，觉得很不错。,2005/6/19,北京首映,https://movie.douban.com/subject/1329562/,tt0439630
罗马 / Roma,5,2019/8/23,,2018/8/30,威尼斯电影节,https://movie.douban.com/subject/1950330/,tt6155172
寄生虫 / 기생충,4,2019/8/7,"说不出是巧合还是其他，伴随着一场暴雨看完了这部电影，与电影里的暴雨相互呼应。
第二次看这类悬疑片的一大乐趣就在于，你会找到第一遍没注意到的很多细节，提示。(3 有用)",2019/5/21,戛纳电影节,https://movie.douban.com/subject/27010768/,tt6751668
小森林 夏秋篇 / リトル・フォレスト 夏・秋,5,2019/7/3,,2014/8/30,日本,https://movie.douban.com/subject/25814705/,tt3474600
小森林 冬春篇 / リトル・フォレスト 冬・春,5,2019/7/3,,2015/2/14,日本,https://movie.douban.com/subject/25814707/,tt3474602
地久天长,4,2019/6/6,,2019/2/14,柏林电影节,https://movie.douban.com/subject/26715636/,tt9581076
调音师 / Andhadhun,3,2019/5/16,前半部分挺好，后面的剧情发展有些失控，不合情理的地方挺多。,2018/10/5,印度,https://movie.douban.com/subject/30334073/,tt8108198
地平线: 马航370，你在哪？ / Horizon: Where is Flight MH370?,5,2019/5/16,看了几个主要的纪录片，这部是把整个事件说的最清楚的，所有的结论完全根据事实数据，并且雷达的工作原理，海事卫星的工作原理也用最简单的语言说得很清楚。  没有不确定的推论，即使那个推论无比接近事实。(2 有用),,,https://movie.douban.com/subject/25912715/,tt3807922
权力的游戏 第一季 / Game of Thrones Season 1,4,2019/4/19,角色塑造很成功，血腥情色内容过多。,2011/4/17,美国,https://movie.douban.com/subject/3016187/,tt0944947
小武,5,2019/4/19,,1998/2/18,柏林电影节,https://movie.douban.com/subject/1291851/,tt0144020
风中有朵雨做的云,4,2019/4/19,看不惯马思纯,2018/11/9,台北金马影展,https://movie.douban.com/subject/26728669/,tt8071308
海王 / Aquaman,2,2019/4/16,保护环境宣传片。,2018/12/7,中国大陆,https://movie.douban.com/subject/3878007/,tt1477834
半生缘 / 半生緣,5,2019/4/15,,1997/9/12,中国大陆,https://movie.douban.com/subject/1299624/,tt0127468
指环王1：护戒使者 / The Lord of the Rings: The Fellowship of t...,4,2019/4/14,亚文好美。,2001/12/19,美国,https://movie.douban.com/subject/1291571/,tt0120737
指环王2：双塔奇兵 / The Lord of the Rings: The Two Towers,4,2019/4/14,,2002/12/5,纽约首映,https://movie.douban.com/subject/1291572/,tt0167261
指环王3：王者无敌 / The Lord of the Rings: The Return of the King,4,2019/4/14,山姆真的是无敌了...,2003/12/17,美国,https://movie.douban.com/subject/1291552/,tt0167260
春风沉醉的夜晚,4,2019/4/7,陈思诚唱歌真好听呀！秦昊与之形成鲜明对比。,2009/5/14,戛纳电影节,https://movie.douban.com/subject/3690289/,tt1422119
天水围的日与夜 / 天水圍的日與夜,5,2019/3/31,做人吶真是很難哦？有多難哦。人世间的悲欢离合，最后都会变成那普普通通的一天。可明明就是再普通不过的每一天，却有让人痛哭流涕的力量。,2008/7/17,中国香港,https://movie.douban.com/subject/3077668/,tt1233499
青木瓜之味 / Mùi đu đủ xanh,5,2019/3/30,明亮活泼的电影，一部越南女性群像。,,,https://movie.douban.com/subject/1291553/,tt0107617
蜘蛛侠：平行宇宙 / Spider-Man: Into the Spider-Verse,4,2019/3/23,炫酷,2018/12/14,美国,https://movie.douban.com/subject/26374197/,tt4633694
无敌破坏王2：大闹互联网 / Ralph Breaks the Internet,4,2019/3/16,哈哈哈哈，还算合格。,2018/11/21,美国,https://movie.douban.com/subject/20438964/,tt5848272
断背山 / Brokeback Mountain,5,2019/3/15,,2005/9/2,威尼斯电影节,https://movie.douban.com/subject/1418834/,tt0388795
驯龙高手 / How to Train Your Dragon,4,2019/3/12,哈哈哈哈哈哈，摸头与被摸头。,2010/3/18,俄罗斯,https://movie.douban.com/subject/2353023/,tt0892769
心灵捕手 / Good Will Hunting,5,2019/3/12,本以为是一群天才数学家探索人类未知的世界，结果是一个落魄心理学家拯救问题少年。因此电影的深度比想象中高了很多。,1997/12/5,美国,https://movie.douban.com/subject/1292656/,tt0119217
小偷家族 / 万引き家族,4,2019/3/9,,2018/5/13,戛纳电影节,https://movie.douban.com/subject/27622447/,tt8075192
疯狂的外星人,2,2019/2/12,,2019/2/5,中国大陆,https://movie.douban.com/subject/25986662/,tt6660238
流浪地球,4,2019/2/9,真的是硬科幻了，虽然还有些槽点，但已经很厉害了。感情部分较为薄弱，台词很尴尬。,2019/2/5,中国大陆,https://movie.douban.com/subject/26266893/,tt7605074
飞驰人生,3,2019/2/9,还是韩寒一惯的风格:为了段子编故事。每一个情节似乎都是为了讲冷段子而生的，完全把推动剧情发展放到了次要的位置，和韩寒的文风倒是很像。最后的赛车戏拍的很好，但由于段子太多，所以并不能感觉到主角对于赛车的热爱。,2019/2/5,中国大陆,https://movie.douban.com/subject/30163509/,tt9597190
哈勃望远镜 / Hubble 3D,4,2019/2/5,,2010/3/19,加拿大,https://movie.douban.com/subject/3725324/,tt1433813
记我的母亲 / わが母の記,4,2019/1/28,,2012/4/28,日本,https://movie.douban.com/subject/5975206/,tt1818443
绿皮书 / Green Book,5,2019/1/19,,2018/9/11,多伦多电影节,https://movie.douban.com/subject/27060077/,tt6966692
波西米亚狂想曲 / Bohemian Rhapsody,4,2019/1/18,比较适合在电影院看。本身比较中规中矩吧，对皇后乐队创作音乐精神的描写还是挺生动的。,2018/11/2,美国,https://movie.douban.com/subject/5300054/,tt1727824
穿条纹睡衣的男孩 / The Boy in the Striped Pajamas,4,2019/1/15,恐怖片,2008/9/12,英国,https://movie.douban.com/subject/3008247/,tt0914798
奇迹 / 奇跡,5,2019/1/14,"是枝裕和的电影总是能把普通的生活拍得如童话一般。孩子们遇见的每个人都是充满爱心的人。老师，图书馆的女老师，爷爷，去看火车夜宿的那家老爷爷老奶奶。
2020.06.27二刷：这次记住的，是半夜留宿的老爷爷老奶奶门口那静静摆好的碗筷。",2011/6/11,日本,https://movie.douban.com/subject/4832288/,tt1650453
狗十三,5,2019/1/13,想养一只猫。最喜欢的是电影的第一幕：脸上开始有青春痘的女孩，机灵的眼球在眼眶里打转，脑子里是青春期的各种烦恼，偶尔冒出一些稀奇古怪的想法。,2013/10/11,华语青年影像论坛,https://movie.douban.com/subject/25716096/,tt3401962
无名之辈,3,2019/1/11,前面挺不错的，后半段什么鬼。,2018/11/16,中国大陆,https://movie.douban.com/subject/27110296/,tt9282616
我能说 / 아이 캔 스피크,4,2018/12/22,剧本可以拍得更好的。原本可以让人泪流满面的地方，却拍得没有那种感觉。,2017/9/21,韩国,https://movie.douban.com/subject/27000061/,tt7342204
西西里的美丽传说 / Malèna,5,2018/12/17,这人间丑陋，无知，懦弱的灵魂啊。如果说西西里是美丽的，那么在这部电影里也只有女主是美丽的，无知群众都是丑恶的。,2000/10/27,意大利,https://movie.douban.com/subject/1292402/,tt0213847
天堂电影院 / Nuovo Cinema Paradiso,5,2018/12/16,经典电影就是有这样的力量，在某个不经意间，以一个全新的方式出现在另一部电影里。比如在女孩窗下站上99天，又或者是梦想重要还是爱情更重要。看的是导演剪辑版，后半部分较为冗长。,1988/11/17,意大利,https://movie.douban.com/subject/1291828/,tt0095765
登月第一人 / First Man,4,2018/12/15,不太喜欢女主的设定。,2018/8/29,威尼斯电影节,https://movie.douban.com/subject/3026559/,tt1213641
末代皇帝 / The Last Emperor,4,2018/12/13,最喜欢溥仪出宫的场景，配乐神了。整部电影是一出外国人眼中的中国末代皇帝史诗，较有代表性的是对慈禧形象的刻画，有一些西方女巫的影子。但纵观整部片子，并没有觉得中国人说英语有多么的违和，对历史的还原和想象比较让人信服。,1987/10/4,东京国际电影节,https://movie.douban.com/subject/1293172/,tt0093389
一次别离 / جدایی نادر از س...,5,2018/12/10,这是什么神仙电影！我已经不知道该怎么吹它了。对人物感情的刻画不能再好了。,2011/2/15,柏林电影节,https://movie.douban.com/subject/5964718/,tt1832382
找到你,3,2018/12/9,马伊琍的表演最好，其次剧本不错，案件的进展过程也很流畅。不足，有些地方台词略显生硬，前半段感觉拍得不够用心。最后结局减半星，作为本方代理律师，不能说出这种话。,2018/6/17,上海电影节,https://movie.douban.com/subject/27140071/,tt9034530
小鞋子 / بچه های آسمان,5,2018/12/9,小鞋子想要表现的不仅仅是小孩子的纯真的心灵，还有每个人之间的，共同的真善美。即使家里没糖了，爸爸也不会去偷偷的用别人的糖。电影镜头简单纯粹，正如孩子的心灵。最喜欢的就是那一次次的笑容。,1997/2/1,曙光旬国际电影节,https://movie.douban.com/subject/1303021/,tt0118849
本杰明·巴顿奇事 / The Curious Case of Benjamin Button,3,2018/12/8,"本杰明巴顿的大型流水帐。后几十分钟其实还不错。但因为要讲述的时间太长，片段过多，加上镜头切换速度过快，就给人一种“点到即止”的感觉。人物之间的感情来得快，伴随着一个场景的结束也立即戛然而止。所以我并没有被感动到。
可以感觉得到这是一个想要拍成阿甘正传的故事，但两个多小时过去了，却给了我什么都没说的感觉。",2008/12/25,美国,https://movie.douban.com/subject/1485260/,tt0421715
福原爱：镜头下的四分之一个世纪 / だから君を見つめてきた～卓球...,4,2018/12/3,可爱,2017/2/10,日本,https://movie.douban.com/subject/26974345/,tt12759654
赛德克·巴莱(上)：太阳旗 / 賽德克·巴萊(上)太陽旗,4,2018/12/3,,2011/9/9,中国台湾,https://movie.douban.com/subject/10450409/,tt2007993
到阜阳六百里,5,2018/12/3,"""回家了，不回来了。""听了让人想哭。",2011/12/23,中国台湾,https://movie.douban.com/subject/4291275/,tt1733271
美食总动员 / Ratatouille,4,2018/12/1,最好吃的菜是妈妈做的菜。,2007/6/29,美国,https://movie.douban.com/subject/1793491/,tt0382932
无敌破坏王 / Wreck-It Ralph,4,2018/11/30,"I’m bad,and that’s good.(1 有用)",2012/11/2,美国,https://movie.douban.com/subject/6534248/,tt1772341
唐山大地震,,2018/11/22,,2010/7/22,中国大陆,https://movie.douban.com/subject/3596502/,tt1393746
功夫,5,2018/11/22,,2004/9/14,多伦多电影节,https://movie.douban.com/subject/1291543/,tt0373074
疯狂的石头,5,2018/11/22,,2006/6/30,中国大陆,https://movie.douban.com/subject/1862151/,tt0843270
源代码 / Source Code,,2018/11/22,,2011/3/11,西南偏南电影节,https://movie.douban.com/subject/3075287/,tt0945513
战争之王 / Lord of War,,2018/11/22,,2005/9/16,美国,https://movie.douban.com/subject/1419936/,tt0399295
蓝色大门 / 藍色大門,,2018/11/22,,2002/9/27,中国台湾,https://movie.douban.com/subject/1308575/,tt0333764
南京！南京！,,2018/11/22,,2009/4/22,中国大陆,https://movie.douban.com/subject/2294568/,tt1124052
志明与春娇 / 志明與春嬌,,2018/11/22,,2010/3/25,中国香港,https://movie.douban.com/subject/4305436/,tt1602479
泰坦尼克号 / Titanic,5,2018/11/22,煽情片段可以用绝美来形容了。,1997/11/1,东京电影节,https://movie.douban.com/subject/1292722/,tt0120338
疯狂的麦克斯4：狂暴之路 / Mad Max: Fury Road,,2018/11/22,,2015/5/14,澳大利亚,https://movie.douban.com/subject/3592854/,tt1392190
一个都不能少,5,2018/11/22,,1999/9/7,威尼斯电影节,https://movie.douban.com/subject/1294963/,tt0209189
哈利·波特与死亡圣器(上) / Harry Potter and the Deathly Hallow...,,2018/11/22,,2010/11/19,中国大陆,https://movie.douban.com/subject/2051007/,tt0926084
夜·店,,2018/11/22,,,,https://movie.douban.com/subject/3683409/,tt1514426
复仇者联盟 / The Avengers,,2018/11/22,,2012/5/4,美国,https://movie.douban.com/subject/1866479/,tt0848228
蜡笔小新：呼风唤雨！猛烈！大人帝国的反击 / クレヨンしんちゃん ...,4,2018/11/22,,2001/4/21,日本,https://movie.douban.com/subject/1958667/,tt0831848
海上钢琴师 / La leggenda del pianista sull'oceano,5,2018/11/22,,1998/10/28,意大利,https://movie.douban.com/subject/1292001/,tt0120731
秒速5厘米 / 秒速5センチメートル,,2018/11/22,,2007/3/3,日本,https://movie.douban.com/subject/2043546/,tt0983213
变形金刚 / Transformers,,2018/11/22,,2007/7/3,美国,https://movie.douban.com/subject/1794171/,tt0418279
龙门飞甲,,2018/11/22,,2011/12/15,中国大陆,https://movie.douban.com/subject/4896304/,tt1686784
八月迷情 / August Rush,,2018/11/22,,2007/11/21,美国,https://movie.douban.com/subject/1844413/,tt0426931
不要和陌生人说话,,2018/11/22,,2001/10/22,中国大陆,https://movie.douban.com/subject/2148374/,tt9377590
哈利·波特与阿兹卡班的囚徒 / Harry Potter and the Prisoner of ...,,2018/11/22,,2004/5/31,英国,https://movie.douban.com/subject/1291544/,tt0304141
人在囧途,,2018/11/22,,2010/6/4,中国大陆,https://movie.douban.com/subject/4237879/,tt1737237
赛德克·巴莱(下)：彩虹桥 / 賽德克·巴萊(下)彩虹橋,,2018/11/22,,2011/9/30,中国台湾,https://movie.douban.com/subject/6393127/,tt4164468
加勒比海盗 / Pirates of the Caribbean: The Curse of the Black ...,,2018/11/22,,2003/7/9,美国,https://movie.douban.com/subject/1298070/,tt0325980
笑林小子,,2018/11/22,,1994/4/15,中国香港,https://movie.douban.com/subject/1408312/,tt0111765
玩具总动员3 / Toy Story 3,,2018/11/22,,2010/6/16,中国大陆,https://movie.douban.com/subject/1858711/,tt0435761
白丝带 / Das weiße Band – Eine deutsche Kindergeschichte,,2018/11/22,,2009/9/17,德国,https://movie.douban.com/subject/2464346/,tt1149362
"怪兽电力公司 / Monsters, Inc.",5,2018/11/22,,2001/11/2,美国,https://movie.douban.com/subject/1291579/,tt0198781
变形金刚3 / Transformers: Dark of the Moon,,2018/11/22,,2011/6/29,美国,https://movie.douban.com/subject/3610047/,tt1399103
冰川时代 / Ice Age,,2018/11/22,,2002/3/15,美国,https://movie.douban.com/subject/1291578/,tt0268380
禁闭岛 / Shutter Island,,2018/11/22,,2010/2/13,柏林电影节,https://movie.douban.com/subject/2334904/,tt1130884
哈利·波特与混血王子 / Harry Potter and the Half-Blood Prince,,2018/11/22,,2009/7/6,英国,https://movie.douban.com/subject/1433330/,tt0417741
叶问2：宗师传奇,,2018/11/22,,2010/4/27,中国大陆,https://movie.douban.com/subject/3578981/,tt1386932
让子弹飞,3,2018/11/22,,2010/12/16,中国大陆,https://movie.douban.com/subject/3742360/,tt1533117
搏击俱乐部 / Fight Club,,2018/11/22,,1999/9/10,威尼斯电影节,https://movie.douban.com/subject/1292000/,tt0137523
叶问 / 葉問,,2018/11/22,,2008/12/12,中国大陆,https://movie.douban.com/subject/3041806/,tt1220719
大话西游之大圣娶亲 / 西遊記大結局之仙履奇緣,,2018/11/22,,1995/2/4,中国香港,https://movie.douban.com/subject/1292213/,tt0114996
机器人总动员 / WALL·E,,2018/11/22,,2008/6/27,美国,https://movie.douban.com/subject/2131459/,tt0910970
冒牌天神 / Bruce Almighty,,2018/11/22,,,,https://movie.douban.com/subject/1297018/,tt0315327
希特勒回来了 / Er ist wieder da,,2018/11/22,,2015/10/8,德国,https://movie.douban.com/subject/26585014/,tt4176826
集结号,,2018/11/22,,2007/12/20,中国大陆,https://movie.douban.com/subject/1907464/,tt0881200
非诚勿扰2,,2018/11/22,,2010/12/22,中国大陆,https://movie.douban.com/subject/4271894/,tt1810602
天空之城 / 天空の城ラピュタ,,2018/11/22,,1986/8/2,日本,https://movie.douban.com/subject/1291583/,tt0092067
喜剧之王 / 喜劇之王,,2018/11/22,,1999/2/13,中国香港,https://movie.douban.com/subject/1302425/,tt0188766
变形金刚2 / Transformers: Revenge of the Fallen,,2018/11/22,,2009/6/19,英国,https://movie.douban.com/subject/2146991/,tt1055369
非诚勿扰,3,2018/11/22,风景很美,2008/12/18,中国大陆,https://movie.douban.com/subject/3313801/,tt1330607
星空,,2018/11/22,,2011/11/3,中国大陆,https://movie.douban.com/subject/5993185/,tt2084098
狄仁杰之通天帝国,,2018/11/22,,2010/9/5,威尼斯电影节,https://movie.douban.com/subject/3412830/,tt1123373
社交网络 / The Social Network,,2018/11/22,,2010/9/24,纽约电影节,https://movie.douban.com/subject/3205624/,tt1285016
哈尔的移动城堡 / ハウルの動く城,,2018/11/22,,2004/9/5,威尼斯电影节,https://movie.douban.com/subject/1308807/,tt0347149
山楂树之恋,,2018/11/22,,2010/9/16,中国大陆,https://movie.douban.com/subject/4151110/,tt1554523
拯救大兵瑞恩 / Saving Private Ryan,,2018/11/22,,1998/7/24,美国,https://movie.douban.com/subject/1292849/,tt0120815
哈利·波特与魔法石 / Harry Potter and the Sorcerer's Stone,,2018/11/22,,2001/11/4,英国首映,https://movie.douban.com/subject/1295038/,tt0241527
哈利·波特与密室 / Harry Potter and the Chamber of Secrets,,2018/11/22,,2002/11/15,英国,https://movie.douban.com/subject/1296996/,tt0295297
哈利·波特与火焰杯 / Harry Potter and the Goblet of Fire,,2018/11/22,,2005/11/6,英国,https://movie.douban.com/subject/1309055/,tt0330373
哈利·波特与凤凰社 / Harry Potter and the Order of the Phoenix,,2018/11/22,,2007/7/11,美国,https://movie.douban.com/subject/1457217/,tt0373889
妖猫传,4,2018/11/20,云想衣裳花想容，春风拂槛露华浓。玄宗爱杨玉环吗？应该是爱的吧。但他更爱这大唐盛世。凤栖楼里藏着的玉环的头发，也不过是他眼中的大唐盛世。,2017/12/22,中国大陆,https://movie.douban.com/subject/5350027/,tt6157626
快把我哥带走,3,2018/11/18,,2018/8/17,中国大陆,https://movie.douban.com/subject/30122633/,tt8774260
我的父亲母亲,5,2018/11/17,章子怡为啥能这么好看。,1999/10/16,中国大陆,https://movie.douban.com/subject/1294007/,tt0235060
地心引力 / Gravity,4,2018/11/16,片名叫Gravity。女主从太空终于回到地球，再次感受到了重力。重力代表的就是希望吧。,2013/8/28,威尼斯电影节,https://movie.douban.com/subject/3793783/,tt1454468
银翼杀手2049 / Blade Runner 2049,4,2018/11/16,影片中，K曾两次伸出手，去感受从天而降的雪花。第一次是他以为自己是那个被生出来的孩子，他感觉到自己有了灵魂。第二次是知道自己不是那个孩子以后，他终于有了灵魂。,2017/10/6,美国,https://movie.douban.com/subject/10512661/,tt1856101
西虹市首富,3,2018/11/16,,2018/7/27,中国大陆,https://movie.douban.com/subject/27605698/,tt8529186
盗梦空间 / Inception,5,2018/11/16,,2010/7/16,美国,https://movie.douban.com/subject/3541415/,tt1375666
楚门的世界 / The Truman Show,5,2018/11/16,,1998/6/5,美国,https://movie.douban.com/subject/1292064/,tt0120382
活着,5,2018/11/16,,1994/5/17,戛纳电影节,https://movie.douban.com/subject/1292365/,tt0110081
十二怒汉 / 12 Angry Men,5,2018/11/16,,1957/4/13,美国,https://movie.douban.com/subject/1293182/,tt0050083
肖申克的救赎 / The Shawshank Redemption,5,2018/11/16,自由,1994/9/10,多伦多电影节,https://movie.douban.com/subject/1292052/,tt0111161
辛德勒的名单 / Schindler's List,5,2018/11/16,,1993/11/30,华盛顿首映,https://movie.douban.com/subject/1295124/,tt0108052
这个杀手不太冷 / Léon,5,2018/11/16,,1994/9/14,法国,https://movie.douban.com/subject/1295644/,tt0110413
阿甘正传 / Forrest Gump,5,2018/11/16,,1994/6/23,洛杉矶首映,https://movie.douban.com/subject/1292720/,tt0109830
当幸福来敲门 / The Pursuit of Happyness,5,2018/11/16,感动,2006/12/15,美国,https://movie.douban.com/subject/1849031/,tt0454921
贫民窟的百万富翁 / Slumdog Millionaire,4,2018/11/16,,2008/8/30,特柳赖德电影节,https://movie.douban.com/subject/2209573/,tt1010048
放牛班的春天 / Les choristes,5,2018/11/16,,2004/3/17,法国,https://movie.douban.com/subject/1291549/,tt0372824
怦然心动 / Flipped,5,2018/11/16,,2010/7/26,好莱坞首映,https://movie.douban.com/subject/3319755/,tt0817177
穿普拉达的女王 / The Devil Wears Prada,4,2018/11/16,,2006/6/30,美国,https://movie.douban.com/subject/1482072/,tt0458352
我的野蛮女友 / 엽기적인 그녀,5,2018/11/16,,2001/7/27,韩国,https://movie.douban.com/subject/1292286/,tt0293715
死侍2：我爱我家 / Deadpool 2,4,2018/11/16,,2018/5/18,美国,https://movie.douban.com/subject/26588308/,tt5463162
死侍 / Deadpool,3,2018/11/16,,2016/2/12,美国,https://movie.douban.com/subject/3718279/,tt1431045
地下交通站,5,2018/11/16,现在已经没有这样的情景喜剧了吧。家有儿女，闲人马大姐，东北一家人，炊事班的故事。贾贵，真的是整个东亚，都再也找不出一张这样的脸了。不过最喜欢的还是黄队长，那小得意的表情，绝了。,2007/5/6,中国大陆,https://movie.douban.com/subject/2133474/,
火蓝刀锋,5,2018/11/16,虽然这部剧剧情，特效不怎么样，但人物刻画是真的到位。,2012/9/29,中国大陆,https://movie.douban.com/subject/10566537/,
江湖儿女,3,2018/11/16,,2018/5/11,戛纳电影节,https://movie.douban.com/subject/26972258/,tt7298400
战狼2,1,2018/11/15,被迫害妄想症咋那么强呢。直男癌有多恐怖。(2 有用),2017/7/27,中国大陆,https://movie.douban.com/subject/26363254/,tt7131870
血观音 / 血觀音,4,2018/11/3,,2017/10/15,釜山电影节,https://movie.douban.com/subject/27113517/,tt7479784
碟中谍6：全面瓦解 / Mission: Impossible - Fallout,4,2018/9/19,刺激,2018/7/27,美国,https://movie.douban.com/subject/26336252/,tt4912910
光辉岁月 / Remember the Titans,4,2018/9/19,,2000/9/29,美国,https://movie.douban.com/subject/1292943/,tt0210945
无人知晓 / 誰も知らない,5,2018/8/5,,2004/5/13,戛纳电影节,https://movie.douban.com/subject/1292337/,tt0408664
后来的我们,2,2018/7/15,,2018/4/28,中国大陆,https://movie.douban.com/subject/26683723/,tt8033592
超时空同居,4,2018/7/5,,2018/5/18,中国大陆,https://movie.douban.com/subject/27133303/,tt8404272
我不是药神,4,2018/7/5,程勇被张长林举报，警察来搜查，他因害怕被抓将代理权给了张长林。这没什么好羞愧的。身旁的人根本没权利去指责他。后来他又因为羞愧，开始卖药，还以500块的价格卖进价2000的药。这点羞愧还不值得他这样对待这群和他不相干的人。电影总体值得赞赏。,2018/6/30,大规模点映,https://movie.douban.com/subject/26752088/,tt7362036
如父如子 / そして父になる,5,2018/5/31,,2013/9/28,日本,https://movie.douban.com/subject/10571509/,tt2331143
蜘蛛侠：英雄归来 / Spider-Man: Homecoming,3,2018/5/31,,2017/6/28,洛杉矶首映,https://movie.douban.com/subject/24753477/,tt2250912
暴裂无声,4,2018/5/31,,2017/7/27,FIRST青年影展,https://movie.douban.com/subject/26647117/,tt6389316
暴雪将至,3,2018/5/23,,2017/10/29,东京电影节,https://movie.douban.com/subject/26775933/,tt7649320
不成问题的问题,4,2018/5/11,,2016/10/29,东京电影节,https://movie.douban.com/subject/26657126/,tt6128782
蓝风筝,5,2018/5/11,,1993/5/21,戛纳电影节,https://movie.douban.com/subject/1303967/,tt0107358
猫鼠游戏 / Catch Me If You Can,4,2018/4/20,,2002/12/16,洛杉矶首映,https://movie.douban.com/subject/1305487/,tt0264464
重庆森林 / 重慶森林,5,2018/4/20,,1994/7/14,中国香港,https://movie.douban.com/subject/1291999/,tt0109424
小萝莉的猴神大叔 / Bajrangi Bhaijaan,4,2018/3/28,,2015/7/17,印度,https://movie.douban.com/subject/26393561/,tt3863552
天才枪手 / ฉลาดเกมส์โกง,4,2018/3/28,,2017/5/3,泰国,https://movie.douban.com/subject/27024903/,tt6788942
神秘巨星 / Secret Superstar,4,2018/3/28,,2017/10/18,印度,https://movie.douban.com/subject/26942674/,tt6108090
唐人街探案2,4,2018/2/24,,2018/2/16,中国大陆,https://movie.douban.com/subject/26698897/,tt7752454
海边的曼彻斯特 / Manchester by the Sea,5,2018/2/20,,2016/1/23,圣丹斯电影节,https://movie.douban.com/subject/25980443/,tt4034228
步履不停 / 歩いても 歩いても,5,2018/2/19,,2008/6/28,日本,https://movie.douban.com/subject/2222996/,tt1087578
芳华,2,2018/2/18,一部很奇怪的电影，搞不懂想表达的是什么。如果仅仅想表达的是那代人的青春，那和致青春、小时代除了年代背景，没有任何区别，只不过换了个壳。也许冯导在怀念自己的青春？,2017/9/7,多伦多电影节,https://movie.douban.com/subject/26862829/,tt6654316
比海更深 / 海よりもまだ深く,5,2018/2/17,这样一个雨夜如此美好。,2016/5/18,戛纳电影节,https://movie.douban.com/subject/26694988/,tt5294966
海街日记 / 海街diary,5,2018/2/16,如果在告别这个世界的时候，还能有感受美好的能力，那也是一件美好的事情吧。,2015/5/14,戛纳电影节,https://movie.douban.com/subject/25895901/,tt3756788
失恋33天,4,2018/2/15,,2011/11/8,中国大陆,https://movie.douban.com/subject/4873490/,tt2115388
北京遇上西雅图,4,2018/2/15,,2013/3/21,中国大陆,https://movie.douban.com/subject/10574468/,tt2169322
寻梦环游记 / Coco,5,2018/2/8,,2017/11/22,美国,https://movie.douban.com/subject/20495023/,tt2380307
十月围城,4,2018/2/8,,2009/12/18,中国大陆,https://movie.douban.com/subject/3626416/,tt1403130
飞屋环游记 / Up,4,2018/2/8,,2009/5/13,戛纳电影节,https://movie.douban.com/subject/2129039/,tt1049413
手机,4,2018/1/13,,2003/12/18,中国大陆,https://movie.douban.com/subject/1308747/,tt0399650
相爱相亲,5,2017/12/31,记忆中的你似乎不是这个模样。,2017/10/21,釜山电影节,https://movie.douban.com/subject/26773744/,tt7479718
被嫌弃的松子的一生 / 嫌われ松子の一生,3,2017/12/30,她只不过是想要一个爱她的人。她的悲剧由缺失的爱和自身的选择造成。她一次次的被抛弃，可是直到最后也没有放弃希望。,2006/5/27,日本,https://movie.douban.com/subject/1787291/,tt0768120
最爽的一天 / Der geilste Tag,3,2017/12/29,,2016/2/25,德国,https://movie.douban.com/subject/26680247/,tt5154896
浮城谜事,5,2017/12/29,离奇又平凡的故事，精彩的表达。,2012/10/19,中国大陆,https://movie.douban.com/subject/10438426/,tt2369127
围城,5,2017/12/29,,1990/4/22,中国大陆,https://movie.douban.com/subject/1478168/,tt0098946
看不见的客人 / Contratiempo,4,2017/12/28,,2016/9/23,奇幻电影节,https://movie.douban.com/subject/26580232/,tt4857264
缝纫机乐队,4,2017/12/28,,2017/9/29,中国大陆,https://movie.douban.com/subject/26926321/,tt7339584
"名侦探柯南：章节ONE 变小的名侦探 / 名探偵コナン エピソード ""ON...",3,2017/12/28,,2016/12/9,日本,https://movie.douban.com/subject/26877406/,tt8051722
记忆大师,3,2017/12/28,,2017/4/23,北京电影节,https://movie.douban.com/subject/25884801/,tt5636668
逃学威龙 / 逃學威龍,3,2017/11/14,,1991/7/18,中国香港,https://movie.douban.com/subject/1302090/,tt0103045
赌侠 / 賭俠,3,2017/11/14,,1990/12/13,中国香港,https://movie.douban.com/subject/1300566/,tt0101763
逃学威龙2 / 逃學威龍2,3,2017/11/14,,1992/4/9,中国香港,https://movie.douban.com/subject/1296201/,tt0105534
逃学威龙3之龙过鸡年 / 逃學威龍III之龍過雞年,3,2017/11/14,,,,https://movie.douban.com/subject/1302678/,tt0108293
闪光少女,4,2017/11/14,,2017/6/18,上海电影节,https://movie.douban.com/subject/26790961/,tt7013194
我心雀跃,4,2017/11/14,,2016/6/14,上海国际电影节,https://movie.douban.com/subject/26761334/,tt7243868
羞羞的铁拳,4,2017/10/4,,2017/9/30,中国大陆,https://movie.douban.com/subject/27038183/,tt7431894
杀生,2,2017/9/15,,2012/4/28,中国大陆,https://movie.douban.com/subject/4176542/,tt2290645
敦刻尔克 / Dunkirk,5,2017/9/4,二刷，四星变五星。三条线平行剪辑，流畅自然。电影技术上的教科书。,2017/7/13,伦敦首映,https://movie.douban.com/subject/26607693/,tt5013056
心理罪,3,2017/8/13,,2017/8/11,中国大陆,https://movie.douban.com/subject/26698000/,tt7232860
有完没完,2,2017/7/26,,2017/4/1,中国大陆,https://movie.douban.com/subject/26828019/,tt6857280
罗生门 / 羅生門,4,2017/7/23,,1950/8/26,日本,https://movie.douban.com/subject/1291879/,tt0042876
一条狗的使命 / A Dog's Purpose,3,2017/7/17,,2017/1/27,美国,https://movie.douban.com/subject/6873143/,tt1753383
一夜到永远？ / Für eine Nacht... und immer?,3,2017/7/17,,2015/11/27,德国电视首映,https://movie.douban.com/subject/26674742/,tt4862864
大护法,4,2017/7/14,,2017/7/13,中国大陆,https://movie.douban.com/subject/26811587/,tt7146054
天浴,4,2017/6/24,,,,https://movie.douban.com/subject/1302836/,tt0115005
林来疯 / Linsanity,5,2017/6/17,只有失败能让你成长。,2013/1/20,圣丹斯电影节,https://movie.douban.com/subject/20398972/,tt2359427
重返·狼群,3,2017/6/16,配音有点尴尬，去掉就好了。,2017/6/16,中国大陆,https://movie.douban.com/subject/26920269/,tt10443326
傲慢与偏见 / Pride & Prejudice,4,2017/6/15,,2005/9/16,英国,https://movie.douban.com/subject/1418200/,tt0414387
加勒比海盗5：死无对证 / Pirates of the Caribbean: Dead Men Tel...,3,2017/6/12,,2017/5/26,中国大陆,https://movie.douban.com/subject/6311303/,tt1790809
地球上的星星 / Taare Zameen Par,4,2017/5/10,,2007/12/21,印度,https://movie.douban.com/subject/2363506/,tt0986264
摔跤吧！爸爸 / Dangal,5,2017/5/7,,2016/12/23,印度,https://movie.douban.com/subject/26387939/,tt5074352
三傻大闹宝莱坞 / 3 Idiots,5,2017/5/7,可以给六星。,2009/12/25,印度,https://movie.douban.com/subject/3793023/,tt1187043
忠犬八公的故事 / Hachi: A Dog's Tale,4,2017/5/7,,2009/6/13,西雅图电影节,https://movie.douban.com/subject/3011091/,tt1028532
小男孩 / Little Boy,4,2017/5/5,,2015/4/24,美国,https://movie.douban.com/subject/10773239/,tt1810683
银河护卫队2 / Guardians of the Galaxy Vol. 2,3,2017/5/5,,2017/4/19,洛杉矶首映,https://movie.douban.com/subject/25937854/,tt3896198
人民的名义,3,2017/5/2,,2017/3/28,中国大陆,https://movie.douban.com/subject/26727273/,tt6742348
春娇救志明 / 春嬌救志明,5,2017/5/1,爱情是这种样子。,2017/4/11,中国香港电影节,https://movie.douban.com/subject/26639958/,tt5956006
蜡笔小新：梦境世界大突击 / クレヨンしんちゃん 爆睡!ユメミーワ...,4,2017/3/29,,2016/4/16,日本,https://movie.douban.com/subject/26660834/,tt5526456
情圣,3,2017/3/27,,2016/12/30,中国大陆,https://movie.douban.com/subject/26879060/,tt6398666
杀人回忆 / 살인의 추억,5,2017/2/25,不敢看第二遍。,2003/5/2,韩国,https://movie.douban.com/subject/1300299/,tt0353969
欢乐好声音 / Sing,4,2017/2/22,可爱,2016/9/11,多伦多电影节,https://movie.douban.com/subject/26354572/,tt3470600
飞越老人院,4,2017/2/22,生命,2012/5/8,中国大陆,https://movie.douban.com/subject/6872244/,tt2401013
飞越疯人院 / One Flew Over the Cuckoo's Nest,4,2017/2/22,,1975/11/19,美国,https://movie.douban.com/subject/1292224/,tt0073486
追击者 / 추격자,4,2017/2/19,讽刺警察很到位。,2008/2/14,韩国,https://movie.douban.com/subject/3006309/,tt1190539
爱乐之城 / La La Land,5,2017/2/15,惋惜，帅，美，想哭。,2016/8/31,威尼斯电影节,https://movie.douban.com/subject/25934014/,tt3783958
乘风破浪,3,2017/2/15,有些地方好笑，总体还行。,2017/1/28,中国大陆,https://movie.douban.com/subject/26862259/,tt6461514
功夫瑜伽,3,2017/2/15,,2017/1/28,中国大陆,https://movie.douban.com/subject/26182910/,tt4217392
名侦探柯南：贝克街的亡灵 / 名探偵コナン ベイカー街の亡霊,5,2017/1/24,,2002/4/20,日本,https://movie.douban.com/subject/2286642/,tt0990372
魔弦传说 / Kubo and the Two Strings,4,2017/1/13,,2016/8/19,美国,https://movie.douban.com/subject/26287884/,tt4302938
星球大战外传：侠盗一号 / Rogue One: A Star Wars Story,4,2017/1/6,,2016/12/16,美国,https://movie.douban.com/subject/25894431/,tt3748528
你好，疯子！,3,2016/12/30,,2016/12/30,中国大陆,https://movie.douban.com/subject/26696879/,tt6605830
我在故宫修文物,5,2016/12/29,,2016/1/7,中国大陆,https://movie.douban.com/subject/26703457/,tt6793448
我们天上见,5,2016/12/28,哭瞎。,2009/10/10,釜山电影节,https://movie.douban.com/subject/3732800/,tt1515202
白日梦想家 / The Secret Life of Walter Mitty,4,2016/12/26,,2013/12/25,美国,https://movie.douban.com/subject/2133323/,tt0359950
布达佩斯大饭店 / The Grand Budapest Hotel,3,2016/12/26,,2014/2/6,柏林电影节,https://movie.douban.com/subject/11525673/,tt2278388
厨子戏子痞子,3,2016/12/24,,2013/3/29,中国大陆,https://movie.douban.com/subject/6011806/,tt2645044
致我们终将逝去的青春,4,2016/12/24,喜欢杨子姗,2013/4/26,中国大陆,https://movie.douban.com/subject/6973376/,tt2765340
中国合伙人,3,2016/12/24,,2013/5/17,中国大陆,https://movie.douban.com/subject/11529526/,tt2278392
盲探,5,2016/12/24,到现在的人生看过的最贵的一场电影，无锡某个万达。不过真的好看。,2013/5/19,戛纳电影节,https://movie.douban.com/subject/6872273/,tt2332707
天台爱情,2,2016/12/24,,2013/7/11,中国大陆,https://movie.douban.com/subject/10833924/,tt2901548
狄仁杰之神都龙王,5,2016/12/24,,2013/9/28,中国大陆,https://movie.douban.com/subject/5996801/,tt2992146
冰雪奇缘 / Frozen,4,2016/12/24,,2013/11/27,美国,https://movie.douban.com/subject/4202982/,tt2294629
超凡蜘蛛侠2 / The Amazing Spider-Man 2,5,2016/12/24,脑残粉,2014/5/2,美国,https://movie.douban.com/subject/6082518/,tt1872181
明日边缘 / Edge of Tomorrow,3,2016/12/24,,2014/6/6,美国,https://movie.douban.com/subject/4746257/,tt1631867
老男孩猛龙过江,4,2016/12/24,,2014/7/10,中国大陆,https://movie.douban.com/subject/25755645/,tt3872008
后会无期,3,2016/12/24,,2014/7/24,中国大陆,https://movie.douban.com/subject/25805741/,tt3896016
绣春刀,3,2016/12/24,,2014/8/7,中国大陆,https://movie.douban.com/subject/24745500/,tt4019426
等一个人咖啡 / 等一個人咖啡,2,2016/12/24,,2014/8/15,中国台湾,https://movie.douban.com/subject/25753166/,tt3974790
超体 / Lucy,4,2016/12/24,,2014/7/25,美国,https://movie.douban.com/subject/24404677/,tt2872732
大话西游之月光宝盒 / 西遊記第壹佰零壹回之月光寶盒,3,2016/12/24,,1995/1/21,中国香港,https://movie.douban.com/subject/1299398/,tt0112778
智取威虎山,5,2016/12/24,,2014/12/23,中国大陆,https://movie.douban.com/subject/10807909/,tt3950078
超能陆战队 / Big Hero 6,5,2016/12/24,,2014/10/23,东京电影节,https://movie.douban.com/subject/11026735/,tt2245084
帕丁顿熊 / Paddington,5,2016/12/24,,2014/11/23,伦敦首映,https://movie.douban.com/subject/2998373/,tt1109624
王牌特工：特工学院 / Kingsman: The Secret Service,5,2016/12/24,宿舍一起看的,2014/12/13,BNAT电影节,https://movie.douban.com/subject/24405378/,tt2802144
速度与激情7 / Furious 7,3,2016/12/24,,2015/4/3,美国,https://movie.douban.com/subject/23761370/,tt2820852
我的个神啊 / PK,4,2016/12/24,,2014/12/19,印度,https://movie.douban.com/subject/10741643/,tt2338151
捉妖记,3,2016/12/24,,2015/7/16,中国大陆,https://movie.douban.com/subject/25723907/,tt3781476
破风 / 破風,4,2016/12/24,在苏州看得,2015/8/7,中国大陆,https://movie.douban.com/subject/25853727/,tt4788638
滚蛋吧！肿瘤君,3,2016/12/24,,2015/8/13,中国大陆,https://movie.douban.com/subject/26289144/,tt4819514
头脑特工队 / Inside Out,4,2016/12/24,,2015/6/19,美国,https://movie.douban.com/subject/10533913/,tt2096673
蚁人 / Ant-Man,3,2016/12/24,,2015/7/17,美国,https://movie.douban.com/subject/1866473/,tt0478970
我是证人,3,2016/12/24,,2015/10/30,中国大陆,https://movie.douban.com/subject/26313973/,tt4979652
七月与安生,3,2016/12/24,,2016/9/14,中国大陆,https://movie.douban.com/subject/25827935/,tt6054290
盛先生的花儿,3,2016/12/23,一般般。,2016/6/12,上海国际电影节,https://movie.douban.com/subject/26779337/,tt5730336
玩命追踪 / Blitz,,2016/12/23,,2011/5/20,英国,https://movie.douban.com/subject/3238087/,tt1297919
春娇与志明 / 春嬌與志明,,2016/12/23,,2012/3/29,中国香港,https://movie.douban.com/subject/6386345/,tt2238839
黄金大劫案,4,2016/12/23,,2012/4/24,中国大陆,https://movie.douban.com/subject/6080775/,tt2393829
赛德克·巴莱 / 賽德克·巴萊,4,2016/12/23,,2012/5/10,中国大陆,https://movie.douban.com/subject/3993559/,
神探亨特张,4,2016/12/23,,2012/7/20,中国大陆,https://movie.douban.com/subject/6880590/,tt2273470
听风者,4,2016/12/23,,2012/8/7,中国大陆,https://movie.douban.com/subject/6041191/,tt2078768
消失的子弹,3,2016/12/23,嘿嘿，还记得,2012/8/14,中国大陆,https://movie.douban.com/subject/6991110/,tt2106741
超凡蜘蛛侠 / The Amazing Spider-Man,5,2016/12/23,当时觉得超帅,2012/7/3,美国,https://movie.douban.com/subject/2129132/,tt0948470
人再囧途之泰囧,5,2016/12/23,周六偷偷跑出去看，笑死我了。,2012/12/12,中国大陆,https://movie.douban.com/subject/10574622/,tt2459022
少年派的奇幻漂流 / Life of Pi,5,2016/12/23,,2012/9/28,纽约电影节,https://movie.douban.com/subject/1929463/,tt0454876
搜索,3,2016/12/23,,2012/7/6,中国大陆,https://movie.douban.com/subject/6799191/,tt2259360
2012,4,2016/12/23,,2009/11/13,中国大陆,https://movie.douban.com/subject/3005875/,tt1190080
逆战,3,2016/12/23,,2012/1/17,中国大陆,https://movie.douban.com/subject/5977836/,tt2063011
加勒比海盗4：惊涛怪浪 / Pirates of the Caribbean: On Stranger ...,4,2016/12/23,,2011/5/20,美国,https://movie.douban.com/subject/3227410/,tt1298650
假装情侣,3,2016/12/23,,2011/6/24,中国大陆,https://movie.douban.com/subject/4858775/,tt1990255
钢的琴,5,2016/12/23,东北老工业基地人民最后的歌唱。,2010/9/11,多伦多电影节,https://movie.douban.com/subject/4876722/,tt1723118
哈利·波特与死亡圣器(下) / Harry Potter and the Deathly Hallow...,5,2016/12/23,,2011/7/15,美国,https://movie.douban.com/subject/3011235/,tt1201607
金陵十三钗,4,2016/12/23,,2011/12/15,中国大陆,https://movie.douban.com/subject/3649049/,tt1410063
黑处有什么,3,2016/12/22,,2015/7/23,FIRST青年电影展,https://movie.douban.com/subject/26433966/,tt5131124
边境风云,4,2016/12/22,叙事结构真的不错,2012/8/17,中国大陆,https://movie.douban.com/subject/11501396/,tt2385138
饭局也疯狂,,2016/12/22,,2012/1/23,中国大陆,https://movie.douban.com/subject/6788265/,tt2248789
碟中谍4 / Mission: Impossible - Ghost Protocol,5,2016/12/22,那年冬天。,2011/12/21,美国,https://movie.douban.com/subject/3068206/,tt1229238
国王的演讲 / The King's Speech,4,2016/12/22,音乐课上看的，吕小布。,2010/9/6,特柳赖德电影节,https://movie.douban.com/subject/4023638/,tt1504320
双城计中计,,2016/12/22,电视上看的。,2012/2/24,中国大陆,https://movie.douban.com/subject/6890469/,tt2435870
罗曼蒂克消亡史,4,2016/12/19,好看。,2016/12/16,中国大陆,https://movie.douban.com/subject/24751763/,tt4623812
萨利机长 / Sully,4,2016/12/9,,2016/9/9,美国,https://movie.douban.com/subject/26416603/,tt3263904
血战钢锯岭 / Hacksaw Ridge,5,2016/12/8,感人，而且真实。,2016/9/4,威尼斯电影节,https://movie.douban.com/subject/26325320/,tt2119532
你的名字。 / 君の名は。,5,2016/12/8,可惜没带妹子看。,2016/8/26,日本,https://movie.douban.com/subject/26683290/,tt5311514
神奇动物在哪里 / Fantastic Beasts and Where to Find Them,3,2016/11/26,有点失望,2016/11/18,美国,https://movie.douban.com/subject/25726614/,tt3183660
我不是潘金莲,4,2016/11/20,蛮好笑得。,2016/9/8,多伦多电影节,https://movie.douban.com/subject/26630781/,tt5918090
比利·林恩的中场战事 / Billy Lynn's Long Halftime Walk,4,2016/11/20,没看到120帧！,2016/10/14,纽约电影节,https://movie.douban.com/subject/25983044/,tt2513074
湄公河行动,4,2016/11/20,最后不错。,2016/9/30,中国大陆,https://movie.douban.com/subject/25815034/,tt6044910
幸运钥匙 / 럭키,3,2016/11/20,蛮有意思的,2016/10/13,韩国,https://movie.douban.com/subject/26329796/,tt6175078
追凶者也,3,2016/11/13,,2016/9/14,中国大陆,https://movie.douban.com/subject/26284621/,tt6067462
约战西班牙,4,2016/10/29,,,,https://movie.douban.com/subject/26426761/,
驴得水,4,2016/10/29,一种尝试,2016/10/28,中国大陆,https://movie.douban.com/subject/25921812/,tt6167014
回到被爱的每一天,5,2016/10/29,平凡的生活,2015/10/27,中国大陆,https://movie.douban.com/subject/26425533/,tt4940612
吃在江苏,4,2016/10/5,很好哎,,,https://movie.douban.com/subject/26878977/,
黄海 / 황해,4,2016/10/5,绵老板…死了太可惜了…,2010/12/22,韩国,https://movie.douban.com/subject/3743114/,tt1230385
素媛 / 소원,5,2016/10/4,心痛,2013/10/2,韩国,https://movie.douban.com/subject/21937452/,tt3153634
7号房的礼物 / 7번방의 선물,4,2016/10/4,千万不要相信标签上的话。,2013/1/23,韩国,https://movie.douban.com/subject/10777687/,tt2659414
奇怪的她 / 수상한 그녀,4,2016/10/4,喜欢杨子姗,2014/1/22,韩国,https://movie.douban.com/subject/24879820/,tt3516378
恐怖直播 / 더 테러 라이브,5,2016/9/19,大叔按下炸弹那一刻，虽然知道没啥卵用，但就是很爽啊。,2013/7/31,韩国,https://movie.douban.com/subject/21360417/,tt2990738
隧道 / 터널,4,2016/9/18,感觉最后怎么救出来的说的不是很清楚，有点乱。其他都很好。喜欢这样幽默的男主。,2016/8/10,韩国,https://movie.douban.com/subject/26410594/,tt5910280
最后一次赛跑 / Sein letztes Rennen,4,2016/9/16,,,,https://movie.douban.com/subject/24522647/,tt2320968
釜山行 / 부산행,5,2016/9/16,男主从火车上掉下去的那一刻，哭了。,2016/5/13,戛纳电影节,https://movie.douban.com/subject/25986180/,tt5700672
盲井,5,2016/9/8,王宝强演的是真傻,2003/2/12,柏林电影节,https://movie.douban.com/subject/1307528/,tt0351299
盲山,5,2016/9/8,心痛,2007/5/20,戛纳电影节,https://movie.douban.com/subject/2063528/,tt1020972
该死的歌德 / Fack ju Göhte,3,2016/9/5,可以,2013/11/7,德国,https://movie.douban.com/subject/24815502/,tt2987732
"沉重的决定 / Wer früher stirbt, ist länger tot",4,2016/9/4,好看，精致。,,,https://movie.douban.com/subject/1830949/,tt0780180
丁丁历险记 / The Adventures of Tintin: The Secret of the Unicorn,4,2016/8/30,gut,2011/11/15,中国大陆,https://movie.douban.com/subject/2028669/,tt0983193
白兔糖 / うさぎドロップ,3,2016/8/28,可爱的小女孩,2011/8/20,日本,https://movie.douban.com/subject/4935011/,tt1672214
一个叫欧维的男人决定去死 / En man som heter Ove,4,2016/8/28,沃尔沃和萨博,2015/12/25,瑞典,https://movie.douban.com/subject/26628357/,tt4080728
红辣椒 / パプリカ,3,2016/8/28,不太懂,2006/9/2,威尼斯电影节,https://movie.douban.com/subject/1865703/,tt0851578
海蒂和爷爷 / Heidi,5,2016/8/27,每一个遇到的人都是善良的人。世界应该这样。,2015/12/10,德国,https://movie.douban.com/subject/25958717/,tt3700392
黄黑的墙 / Wir die Wand,5,2016/8/27,,,,https://movie.douban.com/subject/25742233/,tt3184118
谍影重重5 / Jason Bourne,3,2016/8/24,一般般吧，不喜欢镜头晃，看着晕。,2016/7/29,美国,https://movie.douban.com/subject/26266072/,tt4196776
飓风营救 / Taken,5,2016/8/24,I will find you.,2008/2/27,法国,https://movie.douban.com/subject/2124586/,tt0936501
飓风营救2 / Taken 2,3,2016/8/24,,2012/10/5,美国,https://movie.douban.com/subject/3606971/,tt1397280
电锯惊魂 / Saw,4,2016/8/24,不太恐怖，是人性。,2004/1/19,圣丹斯电影节,https://movie.douban.com/subject/1417598/,tt0387564
我们诞生在中国 / Born in China,3,2016/8/21,蛮可爱,2016/8/12,中国大陆,https://movie.douban.com/subject/26376454/,tt4629266
使徒行者,2,2016/8/17,Scheisse,2016/8/11,中国大陆,https://movie.douban.com/subject/26336253/,tt5896962
爱宠大机密 / The Secret Life of Pets,3,2016/8/13,萌，哈哈。,2016/7/8,美国,https://movie.douban.com/subject/21817627/,tt2709768
完美陌生人 / Perfetti sconosciuti,3,2016/8/6,喜欢男主人。,2016/2/11,意大利,https://movie.douban.com/subject/26614893/,tt4901306
箭士柳白猿,2,2016/8/6,不太懂,2012/11/11,金马影展,https://movie.douban.com/subject/7564989/,tt2543698
惊天大逆转,3,2016/8/4,惊天大逆转之不死之身陈道明,2016/7/15,中国大陆,https://movie.douban.com/subject/26375609/,tt6033150
谍影重重3 / The Bourne Ultimatum,4,2016/7/30,好看,2007/8/3,美国,https://movie.douban.com/subject/1578507/,tt0440963
大鱼海棠,3,2016/7/8,美，美，美(1 有用),2016/7/8,中国大陆,https://movie.douban.com/subject/5045678/,tt1920885
惊天魔盗团2 / Now You See Me 2,2,2016/6/28,弱智,2016/6/10,美国,https://movie.douban.com/subject/25662337/,tt3110958
独立日2：卷土重来 / Independence Day: Resurgence,2,2016/6/24,有点反胃(1 有用),2016/6/24,中国大陆,https://movie.douban.com/subject/4811813/,tt1628841
怪兽大学 / Monsters University,5,2016/6/20,还是一部给成人看的动画片。一个天生不吓人的怪物，却非要争取做最吓人的怪物。就好比一个没有天赋的人，去追求看似不可能得到的东西。但是，途径总是有很多的。,2013/6/21,美国,https://movie.douban.com/subject/3789848/,tt1453405
里约大冒险 / Rio,4,2016/6/20,我要飞！,2011/4/8,中国大陆,https://movie.douban.com/subject/3731581/,tt1436562
海底总动员 / Finding Nemo,5,2016/6/19,最喜欢那只海龟和东澳大利亚洋流！,2003/5/30,美国,https://movie.douban.com/subject/1291586/,tt0266543
海底总动员2：多莉去哪儿 / Finding Dory,5,2016/6/17,太萌了，太好看了！完全值得起五星的评价，最感动的是贝壳那段。,2016/6/17,中国大陆,https://movie.douban.com/subject/11524967/,tt2277860
后窗 / Rear Window,3,2016/6/14,哈哈偷窥狂,1954/8/1,美国,https://movie.douban.com/subject/1299080/,tt0047396
摩登时代 / Modern Times,5,2016/6/14,经典！,1936/2/25,美国,https://movie.douban.com/subject/1294371/,tt0027977
城市之光 / City Lights,5,2016/6/7,感动。,1931/1/30,洛杉矶首映,https://movie.douban.com/subject/1293908/,tt0021749
大独裁者 / The Great Dictator,5,2016/6/5,一个人的良心,,,https://movie.douban.com/subject/1295646/,tt0032553
老男孩 / 올드보이,4,2016/6/3,两段不可描述的戏被剪了，导致理解有些偏差。不过最后的段落还是可以的。,2003/11/21,韩国,https://movie.douban.com/subject/1308865/,tt0364569
再见，在也不见 / 再見，在也不見,3,2016/6/3,不是期待的忻钰坤,2015/11/5,中国台湾金马影展,https://movie.douban.com/subject/26282530/,tt4907174
低俗小说 / Pulp Fiction,4,2016/6/1,还得再仔细看看。,1994/5/12,戛纳电影节,https://movie.douban.com/subject/1291832/,tt0110912
天使爱美丽 / Le fabuleux destin d'Amélie Poulain,4,2016/6/1,强迫症必看！,2001/4/25,法国,https://movie.douban.com/subject/1292215/,tt0211915
鬼子来了,5,2016/6/1,一个字，震撼。,2000/5/12,戛纳电影节,https://movie.douban.com/subject/1291858/,tt0245929
蝙蝠侠：黑暗骑士 / The Dark Knight,5,2016/6/1,最好的蝙蝠侠。,2008/7/14,纽约首映,https://movie.douban.com/subject/1851857/,tt0468569
蝙蝠侠：黑暗骑士崛起 / The Dark Knight Rises,5,2016/6/1,那个洞太让我害怕。,2012/7/20,美国,https://movie.douban.com/subject/3395373/,tt1345836
青蜂侠 / The Green Hornet,5,2016/5/30,好看！！！,2011/1/14,美国,https://movie.douban.com/subject/2147836/,tt0990407
上帝之城 / Cidade de Deus,4,2016/5/27,残酷,2002/5/18,戛纳电影节,https://movie.douban.com/subject/1292208/,tt0317248
百鸟朝凤,3,2016/5/15,还可以。,2013/9/25,金鸡百花电影节,https://movie.douban.com/subject/10831445/,tt3214392
美国队长3 / Captain America: Civil War,3,2016/5/9,对超级英雄已经审美疲劳了。,2016/4/12,加州首映,https://movie.douban.com/subject/25820460/,tt3498820
初恋这件小事 / สิ่งเล็กเล็...,3,2016/5/6,都好丑啊…但是还挺感人的😂,2010/8/12,泰国,https://movie.douban.com/subject/4739952/,tt1859438
听说 / 聽說,4,2016/5/6,蛮感动的，而且主角好漂亮啊！！！！,2009/8/28,中国台湾,https://movie.douban.com/subject/3824672/,tt1562328
我11,3,2016/5/4,喜欢这个风格的，虽然有些散,2011/9/11,多伦多电影节,https://movie.douban.com/subject/5044737/,tt2042432
Hello！树先生,4,2016/5/4,黑色幽默,2011/11/4,中国大陆,https://movie.douban.com/subject/4135710/,tt2043878
北京遇上西雅图之不二情书,3,2016/4/30,还可以。,2016/4/29,中国大陆,https://movie.douban.com/subject/26322792/,tt4960242
海洋天堂,5,2016/4/30,非常非常感人。,2010/6/18,中国大陆,https://movie.douban.com/subject/4004731/,tt1498858
桃姐,5,2016/4/30,感人,2011/9/5,威尼斯电影节,https://movie.douban.com/subject/5977835/,tt2008006
岁月神偷 / 歲月神偷,4,2016/4/30,忘了,2010/2/14,柏林电影节,https://movie.douban.com/subject/3792799/,tt1602572
亲爱的,3,2016/4/30,可以,2014/8/28,威尼斯电影节,https://movie.douban.com/subject/25798222/,tt3752930
罪恶之家 / An Inspector Calls,4,2016/4/21,前面的安排太过巧合，会让人觉得很假。但精华是得知女孩没有死以后。,2015/9/13,英国,https://movie.douban.com/subject/25955491/,tt4271918
美人鱼,1,2016/4/20,每一句台词都很奇怪，每一段剧情都很尴尬，每一个人的表演都很傻逼，我想问所谓的笑点在哪里？这就是周星驰拍出来的电影？功夫去哪了？长江七号去哪了？这电影居然能打到七分，难道周星驰是神？年度最烂。,2016/2/8,中国大陆,https://movie.douban.com/subject/19944106/,tt4701660
垫底辣妹 / ビリギャル,4,2016/4/19,很燃啊，不过当初高考的我完全没有奋斗的感觉啊，可能也是最后没考好的原因吧。,2015/5/1,日本,https://movie.douban.com/subject/26259677/,tt4195368
家在水草丰茂的地方,5,2016/4/18,一部中国西部真是社会的写照。,2014/10/26,东京国际电影节,https://movie.douban.com/subject/11537965/,tt4131150
闯入者,4,2016/4/12,一部电影说了很多问题，如何养老，老年人与年轻一代的格格不入，支援三线建设的遗留问题，无比的贴近生活。,2014/9/4,威尼斯电影节,https://movie.douban.com/subject/20514902/,tt3890278
火锅英雄,4,2016/4/10,歌好听，有特色。,2016/4/1,中国大陆,https://movie.douban.com/subject/25662327/,tt5596352
蝙蝠侠：侠影之谜 / Batman Begins,5,2016/3/29,诺兰的蝙蝠侠叙事更有章法，更好看，同时蝙蝠侠也更接近于普通的人类，使他更受喜爱。,2005/6/15,美国,https://movie.douban.com/subject/1309069/,tt0372784
乐高蝙蝠侠大电影：DC英雄集结 / LEGO Batman: The Movie - DC Sup...,4,2016/3/28,萌！,2013/5/21,美国,https://movie.douban.com/subject/21349175/,tt2465238
蝙蝠侠大战超人：正义黎明 / Batman v Superman: Dawn of Justice,4,2016/3/27,喜欢阴暗的画风，剧情不咋样，但能看到蝙蝠侠就很满足啦。不过蝙蝠侠真的还是不要和超人放在一起了…配角的感觉。,2016/3/25,中国大陆,https://movie.douban.com/subject/24750534/,tt2975590
聚焦 / Spotlight,5,2016/3/26,做错了就是错了，就算做了再多贡献也无法掩盖。,2015/9/3,威尼斯电影节,https://movie.douban.com/subject/25954475/,tt1895587
房间 / Room,5,2016/3/25,真的好看，前半部分在房间里让我十分害怕他们随时会出什么危险，小男孩逃出去了怕被抓回来，可真正逃出去以后我变得更怕，怕他们被外界伤害到。但幸好，结局是圆满的，他们从房间逃出，心灵也从过去的阴影逃出，非常精彩。,2015/9/4,特柳赖德电影节,https://movie.douban.com/subject/25724855/,tt3170832
荒野猎人 / The Revenant,3,2016/3/22,原谅我不够文艺。,2015/12/16,美国加州,https://movie.douban.com/subject/5327268/,tt1663202
丹麦女孩 / The Danish Girl,3,2016/3/22,很佩服他，一个有胆量的人。,2015/9/5,威尼斯电影节,https://movie.douban.com/subject/3071604/,tt0810819
飞鹰艾迪 / Eddie the Eagle,3,2016/3/22,感觉太平淡，最后的起跳的画面倒是很燃，一碗暖暖的鸡汤，可以让我好好学习几天了。,2016/2/26,美国,https://movie.douban.com/subject/3072064/,tt1083452
咒怨 / 呪怨,2,2016/3/14,寒假晚上和朋友关了灯看得，不恐怖。,2002/10/18,Screamfest恐怖电影节,https://movie.douban.com/subject/1306808/,tt0364385
爆裂鼓手 / Whiplash,5,2016/3/14,我喜欢，长得好看。,2014/1/16,圣丹斯电影节,https://movie.douban.com/subject/25773932/,tt2582802
那些年，我们一起追的女孩 / 那些年，我們一起追的女孩,5,2016/3/14,高二那年，正值青春，和同桌基友看得，真值得怀念！,2011/8/19,中国台湾,https://movie.douban.com/subject/4920528/,tt2036416
我不是王毛,3,2016/3/11,笑点很多，前面像黑色喜剧，十分有意思，但后半部分开始主旋律，未免俗套…,,,https://movie.douban.com/subject/25757187/,tt5606614
荒蛮故事 / Relatos salvajes,5,2016/3/10,很惊艳，和天注定很像，但天注定由于是国内的，看起来更真实，也更血腥。相对来说还是喜欢荒蛮故事，尤其是最后一个，相爱相杀，十分残酷。,2014/5/17,戛纳电影节,https://movie.douban.com/subject/24750126/,tt3011894
马耳他之鹰 / The Maltese Falcon,3,2016/3/8,念台词的速度让我这奔腾的大脑如何处理得过来。不是太喜欢，演了一半过了还不知道谁是谁，根本没交代清楚，一般般吧。,,,https://movie.douban.com/subject/1297874/,tt0033870
疯狂动物城 / Zootopia,5,2016/3/5,树濑太萌了！！！所有小动物都好可爱，非常符合我们对小动物的印象。,2016/3/4,中国大陆,https://movie.douban.com/subject/25662329/,tt2948356
公民凯恩 / Citizen Kane,4,2016/3/2,"Rosebud,我自己。",1941/9/5,美国,https://movie.douban.com/subject/1292288/,tt0033467
熔炉 / 도가니,5,2016/2/29,愤怒！,2011/9/22,韩国,https://movie.douban.com/subject/5912992/,tt2070649
来自星星的你 / 별에서 온 그대,4,2016/2/28,好感人，有些地方真是有共鸣啊,2013/12/18,韩国,https://movie.douban.com/subject/25698722/,tt3469052
控方证人 / Witness for the Prosecution,4,2016/2/28,我是以最后侦探一定能看出真相的思想来看的，没想到最后没有。亏得我还以为最后的结局都是侦探看透人性安排好的，结果他根本没看透。不过还是非常精彩的，值这个分。浓浓的阿加莎味。,1957/12/17,美国,https://movie.douban.com/subject/1296141/,tt0051201
功夫熊猫 / Kung Fu Panda,4,2016/2/3,连看三部功夫熊猫，觉得1最好看。,2008/5/15,戛纳电影节,https://movie.douban.com/subject/1783457/,tt0441773
功夫熊猫2 / Kung Fu Panda 2,4,2016/2/3,,2011/5/26,美国,https://movie.douban.com/subject/3233635/,tt1302011
功夫熊猫3 / Kung Fu Panda 3,4,2016/2/3,听出来的配音有杨幂 张国立 周杰伦等，不知道对不对。,2016/1/29,美国,https://movie.douban.com/subject/11589036/,tt2267968
东北偏北,3,2016/1/18,这类电影比较少，希望中国电影题材多起来。总体凑合，中等偏下。,2014/10/25,东京电影节,https://movie.douban.com/subject/26061902/,tt4131508
极速风流 / Rush,4,2016/1/18,能不能搞个好点的名字？名字配不上这电影。把赛车题材拍成这样绝对有水平。,2013/9/13,英国,https://movie.douban.com/subject/6803494/,tt1979320
星球大战7：原力觉醒 / Star Wars: The Force Awakens,3,2016/1/12,前几部都没看过，也没什么情怀，一般般吧，巨幕也没什么不同。,2015/12/18,美国,https://movie.douban.com/subject/20326665/,tt2488496
神探夏洛克：可恶的新娘 / Sherlock: The Abominable Bride,1,2016/1/4,shit…拍福尔摩斯就好好拍嘛，故弄玄虚，古代现在穿来穿去，简直无聊。,2016/1/1,英国,https://movie.douban.com/subject/25920885/,tt3845232
浪潮 / Die Welle,4,2016/1/3,很可怕,2008/3/13,德国,https://movie.douban.com/subject/2297265/,tt1063669
一切都好,3,2016/1/3,说的都对，但注定平庸。另外，最近怎么这么多电影说同性恋啊。,2016/1/1,中国大陆,https://movie.douban.com/subject/26425088/,tt5328352
唐人街探案,5,2015/12/31,非常好看，我喜欢的类型，探案。不过有三个地方真是吓死了。,2015/12/31,中国大陆,https://movie.douban.com/subject/26311973/,tt5290882
山河故人,3,2015/12/30,不太懂,2015/5/20,戛纳电影节,https://movie.douban.com/subject/25890005/,tt3740778
布达佩斯之恋 / Gloomy Sunday - Ein Lied von Liebe und Tod,4,2015/12/30,是好看的，女主角也很性感，爱情很感人。但不太能接受同时有两个男朋友。,,,https://movie.douban.com/subject/1301106/,tt0155722
非常主播 / 과속스캔들,5,2015/12/28,好好看，好温馨的一部电影。意外的惊喜。,2008/12/3,韩国,https://movie.douban.com/subject/3550132/,tt1360795
教父 / The Godfather,3,2015/12/28,没啥感觉,1972/3/15,纽约首映,https://movie.douban.com/subject/1291841/,tt0068646
逆光飞翔 / 逆光飛翔,5,2015/12/28,恩,2012/9/21,中国台湾,https://movie.douban.com/subject/10733376/,tt2368920
小羊肖恩 / Shaun the Sheep Movie,5,2015/12/28,没有台词却比有台词更好看,2015/2/6,英国,https://movie.douban.com/subject/24397586/,tt2872750
模仿游戏 / The Imitation Game,4,2015/12/28,不错的，明明网上有资源就是没心情看，然后一个人去电影院看了。,2014/11/14,英国,https://movie.douban.com/subject/10463953/,tt2084970
何以笙箫默,1,2015/12/28,不想承认与影院看过……纯粹是因为别人给了张票,2015/4/30,中国大陆,https://movie.douban.com/subject/26259634/,tt4657764
战狼,3,2015/12/28,宿舍一起去看得，还行吧。不是喜欢的类型。,2015/4/2,中国大陆,https://movie.douban.com/subject/24753810/,tt3540136
左耳,2,2015/12/28,没电影看了才去看的，一部为了看电影而去看电影才看了的电影。,2015/4/24,中国大陆,https://movie.douban.com/subject/25745752/,tt4545806
全能囧爸,5,2015/12/28,偶然在电视上看到了…意外的惊喜啊。朴实无华,2015/3/5,中国大陆,https://movie.douban.com/subject/26011893/,tt10299856
狼图腾,3,2015/12/28,不好看,2015/2/19,中国大陆,https://movie.douban.com/subject/3993588/,tt2909116
熊出没之雪岭熊风,4,2015/12/28,好看哦,2015/1/30,中国大陆,https://movie.douban.com/subject/26220731/,tt4412240
重返20岁,5,2015/12/28,真的被杨子姗惊艳到了。,2015/1/8,中国大陆,https://movie.douban.com/subject/25870084/,tt4344878
暴力街区 / Brick Mansions,3,2015/12/28,还不错啦,2014/4/23,法国,https://movie.douban.com/subject/3718269/,tt1430612
十二公民,4,2015/12/28,结尾扯淡，社会主义正能量。其他很好。,2014/10/19,罗马电影节,https://movie.douban.com/subject/24875534/,tt3431598
哆啦A梦：伴我同行 / STAND BY ME ドラえもん,5,2015/12/28,感动到想哭哎,2014/8/8,日本,https://movie.douban.com/subject/25769362/,tt3331846
归来,3,2015/12/28,可能现在看会有不同的想法。三星是以前的评分,2014/5/16,中国大陆,https://movie.douban.com/subject/21352814/,tt3125472
霍比特人3：五军之战 / The Hobbit: The Battle of the Five Armies,3,2015/12/28,不知道怎么打分，因为这个系列我都没看过…为了应付去看的，没看懂。,2014/12/17,美国,https://movie.douban.com/subject/2973079/,tt2310332
变形金刚4：绝迹重生 / Transformers: Age of Extinction,2,2015/12/28,哈哈哈怕,2014/6/19,中国香港首映,https://movie.douban.com/subject/7054604/,tt2109248
海洋之歌 / Song of the Sea,4,2015/12/28,不错哎，很美,2014/9/6,多伦多电影节,https://movie.douban.com/subject/11584019/,tt1865505
女间谍 / Spy,3,2015/12/28,一般般吧,2015/5/21,澳大利亚,https://movie.douban.com/subject/25752261/,tt3079380
飓风营救3 / Taken 3,4,2015/12/28,喜欢老头子，这几部都不错,2014/12/16,柏林首映,https://movie.douban.com/subject/20277632/,tt2446042
分手大师,4,2015/12/28,当时觉得还不错的…可能是有变形金刚的对比,2014/6/27,中国大陆,https://movie.douban.com/subject/24879858/,tt3667798
白日焰火,4,2015/12/28,桂纶镁！,2014/2/12,柏林电影节,https://movie.douban.com/subject/21941804/,tt3469910
分手专家 / Schlussmacher,4,2015/12/27,最后一堂德语课上看的电影，怀念。,2013/1/10,德国,https://movie.douban.com/subject/10745195/,tt1978524
再见列宁 / Good Bye Lenin!,5,2015/12/27,很精彩，用了一个精致的故事融化政治的坚冰，只可惜看得时候没有中文字幕，半懂不懂。,2003/2/9,柏林电影节,https://movie.douban.com/subject/1292055/,tt0301357
五十度灰 / Fifty Shades of Grey,2,2015/12/25,难看,2015/2/9,洛杉矶首映,https://movie.douban.com/subject/24840488/,tt2322441
老炮儿,4,2015/12/24,在理,2015/9/9,威尼斯电影节,https://movie.douban.com/subject/24751756/,tt4701702
偷书贼 / The Book Thief,5,2015/12/20,感动😢,2013/11/8,美国,https://movie.douban.com/subject/21348876/,tt0816442
消失的爱人 / Gone Girl,4,2015/12/20,一个可怕的女人😨😨😨😨,2014/9/26,纽约电影节,https://movie.douban.com/subject/21318488/,tt2267998
寻龙诀,3,2015/12/19,特效十足，蛮值的。,2015/12/18,中国大陆,https://movie.douban.com/subject/3077412/,tt4276752
万万没想到,3,2015/12/19,哈哈哈哈，有些脑洞比较不错，总体一般般。,2015/12/18,中国大陆,https://movie.douban.com/subject/26320029/,tt5266678
极盗者 / Point Break,4,2015/12/11,好好看的极限运动，而且意外地看到了steve aoki的客串和动次打次的the power of now,2015/12/4,中国大陆,https://movie.douban.com/subject/25809384/,tt2058673
师父,3,2015/12/10,不太喜欢看武侠片，但拍得还是不错啦。尤其。。。宋佳让人流口水…………,2015/11/11,台北金马影展,https://movie.douban.com/subject/25919910/,tt4851640
万箭穿心,5,2015/12/6,看完之后真是万箭穿心，真实，不能更真实。,2012/11/16,中国大陆,https://movie.douban.com/subject/10537853/,tt2513344
海绵宝宝 / The SpongeBob Movie: Sponge Out of Water,4,2015/12/2,"好看,搞笑，也很正能量。",2015/2/6,美国,https://movie.douban.com/subject/11808948/,tt2279373
不能说的秘密 / 不能說的·祕密,5,2015/11/28,一部让我看一遍哭一遍的电影，桂纶镁演的精彩，杰伦有些青涩。不用多说。,2007/7/27,中国台湾,https://movie.douban.com/subject/2124724/,tt1037850
火星救援 / The Martian,4,2015/11/26,好看，不过也许是心态变了，总感觉看一般的商业片提不起太大的兴趣，加之时间稍长所以有些无聊。难道我真的变文艺了？,2015/10/2,美国,https://movie.douban.com/subject/25864085/,tt3659388
我的少女时代 / 我的少女時代,4,2015/11/23,很容易让人感动的一部小清新电影，但我已不再是能被感动的时候。言承旭好帅！,2015/8/15,中国台湾,https://movie.douban.com/subject/26366465/,tt4967094
一个勺子,4,2015/11/20,前面有点沉闷，后面很好看，值得推荐。,2014/11/16,金马影展,https://movie.douban.com/subject/25926267/,tt3856504
心迷宫,5,2015/10/18,俺们村整天烧死人。,2014/7/21,FIRST青年影展,https://movie.douban.com/subject/25917973/,tt4078856
窃听风暴 / Das Leben der Anderen,5,2015/10/8,拍的好。,2006/3/23,德国,https://movie.douban.com/subject/1900841/,tt0405094
窃听风云 / 竊聽風雲,4,2015/10/8,,2009/7/24,中国大陆,https://movie.douban.com/subject/3412882/,tt1349853
窃听风云3,2,2015/10/8,,2014/5/29,中国大陆,https://movie.douban.com/subject/10726941/,tt3121442
窃听风云2,3,2015/10/8,,2011/8/18,中国大陆,https://movie.douban.com/subject/5422105/,tt1852904
霸王别姬,5,2015/10/7,大背景下的艺术，艺术与政治无关，艺术不该受政治影响。,1993/1/1,中国香港,https://movie.douban.com/subject/1291546/,tt0106332
言叶之庭 / 言の葉の庭,4,2015/10/7,好奇怪的感觉，没啥感觉，画面不错。,2013/5/31,日本,https://movie.douban.com/subject/20470074/,tt2591814
朗读者 / The Reader,3,2015/10/7,不太看得懂，有可能看的时候分心了。,2008/12/10,纽约首映,https://movie.douban.com/subject/2213597/,tt0976051
夏洛特烦恼,4,2015/10/7,剧情俗，但笑点不俗，浓浓的话剧风，难得的一部好片子。唯一一部在电影院看了两遍的。,2015/9/30,中国大陆,https://movie.douban.com/subject/25964071/,tt5061814
解救吾先生,4,2015/10/7,好看啊，好看啊，笑的地方很足。但也正由于这点造成不太犯罪……王千源，刘德华很好。不如烈日灼心。,2015/9/26,丝绸之路电影节,https://movie.douban.com/subject/25798448/,tt4819560
小黄人大眼萌 / Minions,3,2015/10/7,萌，,2015/7/10,美国,https://movie.douban.com/subject/11624706/,tt2293640
港囧,3,2015/10/7,俗，还好，不如泰囧。9月25日华夏影城,2015/9/25,中国大陆,https://movie.douban.com/subject/25710912/,tt4242158
暗杀 / 암살,4,2015/10/7,全智贤漂亮，有的时候看起来像韩佳人，哈哈。华夏影城，一个人。,2015/7/22,韩国,https://movie.douban.com/subject/25823132/,tt3501416
碟中谍5：神秘国度 / Mission: Impossible - Rogue Nation,5,2015/10/7,爽，好看。,2015/7/31,美国,https://movie.douban.com/subject/10727641/,tt2381249
烈日灼心,5,2015/10/7,演得太精彩……爆表,2015/6/15,上海电影节,https://movie.douban.com/subject/24719063/,tt4079152
恋爱中的城市,2,2015/10/7,没兴趣。,2015/8/20,中国大陆,https://movie.douban.com/subject/26263443/,tt4819604
开心家族 / 헬로우 고스트,3,2015/7/26,为啥我感觉没什么好感动的？一部奇怪的电影。,2010/12/22,韩国,https://movie.douban.com/subject/6019180/,tt1848926
煎饼侠,4,2015/7/17,笑点不错，拯救不开心。,2015/7/17,中国大陆,https://movie.douban.com/subject/25895276/,tt4818250
西游记之大圣归来,4,2015/7/15,画面真的非常美，齐天大圣又是每个小孩心中无与伦比的大英雄。但失去了法力的齐天大圣就像个落寞的英雄，心中难免一丝同情。但总有解开封印，大圣归来的那一天。没什么说的，就是帅。,2015/7/10,中国大陆,https://movie.douban.com/subject/26277313/,tt4644382
小时代4：灵魂尽头,1,2015/7/9,为什么不能给0星。,2015/7/9,中国大陆,https://movie.douban.com/subject/24847343/,tt4814354
我是路人甲,3,2015/7/3,有的地方很好，有的地方太过。饭店老板发疯的那段真的拍的很好。,2015/7/3,中国大陆,https://movie.douban.com/subject/25746375/,tt4786802
触不可及 / Intouchables,5,2014/12/8,还是可以的，很少看法国的电影。,2011/11/2,法国,https://movie.douban.com/subject/6786002/,tt1675434
星际穿越 / Interstellar,5,2014/11/16,精彩,2014/11/7,美国,https://movie.douban.com/subject/1889243/,tt0816692
移动迷宫 / The Maze Runner,3,2014/11/16,不错，结尾虐心，有故意的嫌疑。,2014/9/19,美国,https://movie.douban.com/subject/21349345/,tt1790864
心花路放,4,2014/10/5,最不喜欢影片散场的时候，因为那也就是我们分开的时候。,2014/9/6,多伦多电影节,https://movie.douban.com/subject/25717233/,tt3890264
无人区,5,2013/12/7,剧情充实有内容，值得人思考。黄渤演的太好了。(1 有用),2013/12/3,中国大陆,https://movie.douban.com/subject/3804891/,tt1456660
